ID	SMILES	RDFC6	MoRSEN11	RDFU8	RDFU9	RDFU2	RDFU3	MoRSEN5	RDFU1	RDFU6	RDFU7	RDFU4	RDFU5	Harary3D	P2u	MoRSEM6	MoRSEM7	MoRSEM4	MoRSEM5	MoRSEM2	MoRSEM3	MoRSEE30	MoRSEM1	MoRSEN4	MoRSEM8	MoRSEM9	MoRSEU10	MoRSEU11	MoRSEU12	MoRSEU13	MoRSEU14	MoRSEU15	MoRSEU16	MoRSEU17	MoRSEU18	MoRSEU19	FPSA3	FPSA2	FPSA1	GeDi	MoRSEV19	MoRSEN10	MoRSEV13	SPAN	MoRSEV11	MoRSEV10	MoRSEV17	MoRSEV16	MoRSEV15	MoRSEN16	RDFM14	RDFM15	RDFM16	RDFE9	RDFM10	RDFM11	RDFM12	RASA	RDFE2	RDFE3	MoRSEC25	MoRSEC24	RDFM18	RDFM19	grav	RDFE5	WNSA1	WNSA2	WNSA3	L2p	RDFP15	RDFP14	RDFP17	RDFP16	RDFP11	RDFP10	RDFP13	RDFP12	MoRSEP30	RDFP19	RDFP18	E2p	Dm	P3e	MoRSEM18	MoRSEM19	Petitj3D	MoRSEM10	MoRSEM11	MoRSEM12	MoRSEM13	MoRSEM14	MoRSEM15	MoRSEM16	MoRSEM17	RDFC27	RDFC26	RDFC25	RDFC24	RDFC23	RDFC22	RDFC21	RDFC20	MoRSEC28	RDFU30	RDFC29	RDFC28	MoRSEU30	L1u	L1v	L2v	L1p	RDFP5	RDFP4	RDFP7	RDFP6	RDFP1	RDFP3	RDFP2	L1e	RDFP9	RDFP8	MoRSEP5	P1e	MoRSEP4	PSA	MoRSEP7	P1p	MoRSEP6	RDFE18	RDFE19	P1v	RDFE14	RDFE15	RDFE16	RDFE17	PPSA1	RDFE11	RDFE12	PPSA2	MoRSEP11	MoRSEP10	MoRSEP13	MoRSEP12	RPCS	MoRSEP14	MoRSEN9	MoRSEN8	DPSA1	MoRSEC30	DPSA3	DPSA2	MoRSEN3	MoRSEN2	MoRSEN1	RDFP30	E2e	MoRSEN17	L3e	TASA	RDFC19	MoRSEV14	MoRSEM30	MoRSEP8	L3v	RDFC16	L3u	RDFV30	L3p	RDFC14	W3DH	RDFC15	MoRSEC23	MoRSEN15	MoRSEP16	RPSA	P3m	MEcc	MoRSEC22	MoRSEN14	MoRSEP1	MoRSEN23	P3p	P3v	MoRSEP19	P3u	RDFV7	RDFC18	RDFV6	FNSA1	RDFC17	FNSA3	FNSA2	RDFC12	RDFC13	RDFC10	RDFC11	P2p	RDFV4	MoRSEP22	RDFV3	MoRSEP18	RDFV2	RDFU21	RDFU20	RDFU23	RDFU22	RDFU25	RDFM4	RDFU27	RDFU26	RDFU29	RDFU28	MoRSEN28	MoRSEN29	RDFV19	RDFV18	WPSA2	RDFV16	RDFV15	RDFV14	RDFV13	RDFV12	RDFV11	RDFV10	MoRSEN26	MoRSEP23	MoRSEN27	MoRSEN24	MoRSEP25	MoRSEN25	MoRSEP26	MoRSEE8	MoRSEE9	MoRSEE6	MoRSEN22	MoRSEE4	MoRSEP27	MoRSEE2	MoRSEE3	RDFU24	MoRSEN20	MoRSEC9	ASPAN	RDFE10	MoRSEN21	Te	Vm	Vp	MoRSEV18	PPSA3	Vv	RDFE13	E2u	RDFC30	E2v	P1m	MoRSEV12	MoRSEP15	MoRSEP17	MoRSEU8	MoRSEU9	MoRSEU6	MoRSEU7	MoRSEU4	MoRSEU5	MoRSEU2	MoRSEU3	MoRSEU1	RDFM29	RDFM28	MoRSEN6	RDFM21	RDFM20	RDFM23	RDFM22	RDFM25	RDFM24	RDFM27	RDFM26	RDFM2	RDFM3	RDFV5	RDFM1	RDFM6	RDFM7	RDFV1	RDFM5	MoRSEP20	MoRSEP21	RDFM8	RDFM9	MoRSEP24	RDFE8	RDFV9	RDFV8	MoRSEC8	RDFV17	RDFM17	WPSA3	AGDD	MoRSEC1	MoRSEC2	MoRSEC3	MoRSEC4	MoRSEC5	MoRSEC6	MoRSEC7	MoRSEE29	MoRSEE28	WPSA1	MoRSEC29	MoRSEE21	MoRSEE20	MoRSEE23	RDFM13	MoRSEE25	MoRSEE24	MoRSEE27	MoRSEE26	MoRSEC27	MoRSEC26	Ae	RDFE1	RDFE6	RDFE7	RDFE4	MoRSEV28	MoRSEV29	MoRSEV26	MoRSEV27	MoRSEV24	MoRSEC20	MoRSEV22	MoRSEV23	MoRSEV20	MoRSEV21	MoRSEC12	MoRSEC13	MoRSEC10	MoRSEC11	MoRSEC16	MoRSEC17	MoRSEC14	MoRSEC15	P2m	MoRSEC18	MoRSEC19	RDFE30	RDFE21	RDFE20	RDFE23	RDFE22	RDFE25	RDFE24	RDFE27	RDFE26	RDFE29	RDFE28	RDFP20	RDFP21	RDFP22	RDFP23	RDFP24	RDFP25	RDFP26	RDFP27	RDFP28	RDFP29	MoRSEV6	MoRSEN13	MoRSEV30	Dv	RDFV26	RDFV27	RDFV24	RDFV25	RDFV22	RDFV23	RDFV20	RDFV21	L2e	MoRSEV5	RDFV28	RDFV29	MoRSEP3	P1u	rygr	Ve	MoRSEE7	MoRSEV4	MoRSEP2	FrTATP	MoRSEE5	P2v	ASA	MoRSEC21	MoRSEV3	MoRSEE1	E3v	E3u	Ke	E3p	Km	MoRSEV7	E3e	Kp	Kv	Ku	MoRSEV2	RDFC8	E3m	RDFC9	MoRSEM21	MoRSEM20	MoRSEM23	MoRSEM22	MoRSEM25	MoRSEM24	MoRSEM27	MoRSEM26	MoRSEM29	MoRSEM28	MoRSEN19	MoRSEN18	L2m	MoRSEV9	MoRSEV8	MoRSEU29	MoRSEU28	L2u	MoRSEV1	MoRSEN12	RDFC5	MoRSEU21	MoRSEU20	MoRSEU23	MoRSEU22	MoRSEU25	MoRSEU24	MoRSEU27	MoRSEU26	RDFC7	MoRSEV25	Tv	Am	SEig	Tu	Tp	RDFC1	Tm	RDFC2	PNSA3	PNSA2	PNSA1	RDFC3	MSA	MoRSEE22	L1m	De	MoRSEE10	MoRSEE11	MoRSEE12	MoRSEE13	MoRSEP9	MoRSEE15	MoRSEE16	MoRSEE17	MoRSEE18	MoRSEE19	Du	Dp	Vu	P2e	E1p	E1u	E1v	E1m	RNCS	MoRSEP28	MoRSEN30	E1e	MoRSEN7	W3D	RDFU18	RDFU19	RDFU14	RDFU15	RDFU16	RDFU17	RDFU10	RDFU11	RDFU12	RDFU13	Ap	Au	RDFC4	MoRSEP29	Av	L3m	RDFM30	MoRSEE14	E2m
1	Oc1cc(O)cc(Sc2cc(O)cc(O)c2)c1	0.0	1.196	5.308	7.458	3.978	4.83	1.907	7.021	4.256	9.205	11.159	4.958	98.093	0.13	1.162	-1.202	-2.911	1.907	-3.117	-0.738	-0.043	14.734	-2.911	-0.989	0.086	0.777	-0.407	-0.307	-0.755	1.031	0.436	-0.101	-1.122	-0.601	1.729	0.0	0.0	0.0	10.643	1.171	0.479	-1.057	5.661	0.349	0.549	-0.621	0.173	0.19	0.509	1.179	2.817	2.078	7.838	2.478	6.019	1.767	1.0	4.37	4.551	0.0	0.0	1.842	0.06	34.357	4.701	0.0	0.0	0.0	1.474	2.234	1.675	0.795	1.528	6.524	2.754	2.334	1.923	0.065	0.093	0.75	0.224	0.835	0.116	-0.798	1.518	0.834	0.479	1.196	-0.862	-1.808	1.609	-0.03	0.509	-0.749	0.0	0.0	0.0	0.0	0.0	0.0	0.0	0.0	0.0	0.0	0.0	0.0	0.032	10.341	8.925	1.362	8.739	2.283	5.825	7.4	1.208	1.868	1.862	3.325	10.505	5.067	3.891	0.696	0.755	-2.937	0.0	-0.275	0.774	1.122	3.83	0.673	0.786	5.435	6.362	4.525	2.372	0.0	10.209	4.676	0.0	0.213	0.648	-1.084	-0.361	NA	1.061	0.086	-0.989	0.0	0.0	0.0	0.0	-0.738	-3.117	14.734	0.0	0.368	-0.749	1.609	475.12226645916036	0.0	1.053	-0.052	-0.825	1.066	0.0	1.578	0.0	1.081	0.0	1692.853	0.0	0.0	-0.03	0.189	0.0	0.096	0.967	0.0	1.609	15.31	-0.188	0.096	0.094	1.243	0.115	5.345	0.0	0.993	0.0	0.0	0.0	0.0	0.0	0.0	0.0	0.0	0.131	5.806	-0.262	1.458	-0.469	3.393	0.0	1.128	0.0	0.0	0.0	8.107	0.0	0.0	0.0	0.0	0.4	0.268	0.082	0.669	0.0	1.4	2.028	1.467	2.168	1.706	5.974	2.522	-0.423	-0.227	-0.151	0.609	0.216	0.073	-0.468	-0.107	-0.178	2.001	-0.256	-4.462	-0.038	-1.796	-0.389	0.0	-0.275	0.0	0.458	3.944	-0.07	13.912	52.104	49.145	-0.501	0.0	47.433	9.441	0.355	0.0	0.192	0.77	-0.45	0.194	-0.672	-0.209	-0.26	1.937	0.083	-4.073	-1.648	-1.707	-0.615	23.499	0.0	0.0	1.162	0.0	0.008	0.0	0.0	0.0	0.0	0.0	0.0	4.385	0.454	1.789	0.698	0.945	9.525	1.533	1.215	-0.162	-0.129	4.164	6.712	0.566	5.195	4.776	2.857	0.0	0.67	0.535	0.0	125.396	0.0	0.0	0.0	0.0	0.0	0.0	0.0	0.097	0.008	0.0	0.0	0.007	0.012	-0.536	4.452	0.365	0.765	0.217	-0.567	0.0	0.0	38.689	7.807	4.126	9.362	12.37	0.187	0.158	-0.452	-0.034	0.591	0.0	-0.27	-0.194	-0.083	-0.157	0.0	0.0	0.0	0.0	0.0	0.0	0.0	0.0	0.134	0.0	0.0	0.0	0.0	1.002	0.0	0.0	0.0	0.0	0.0	0.0	0.0	0.0	0.164	0.0	0.0	0.0	0.0	0.0	0.0	0.0	0.0	0.0	1.432	-1.808	0.036	0.772	0.0	0.0	0.0	0.0	0.0	0.0	0.101	0.0	1.798	0.508	0.0	0.0	-0.655	0.755	3.394	83.0	-0.046	-2.703	-2.243	0.0	-1.614	0.12	475.12226645916036	0.0	-0.784	25.045	0.121	0.334	0.633	0.123	0.656	-0.473	0.36	0.661	0.679	0.632	-1.907	0.0	0.128	0.0	-0.07	-0.275	-0.188	-0.256	0.073	0.609	-0.151	-0.423	0.268	0.4	1.518	-0.798	1.547	-0.134	-0.924	0.062	-0.028	1.786	14.885	-0.862	0.0	0.005	-0.052	-0.485	-0.493	0.397	0.755	0.191	-0.58	0.0	0.15	11.353	25.324	256.156	13.704	11.295	0.0	11.555	0.0	0.0	0.0	0.0	0.0	258.5551697855423	-0.495	8.902	1.357	0.725	-0.247	-0.46	-0.904	-0.277	0.409	-0.052	-1.171	-0.724	1.828	1.298	0.786	80.443	0.129	0.439	0.609	0.459	0.457	NA	0.175	-0.052	0.629	-1.202	600.001	3.16	0.538	5.108	6.028	4.27	2.292	3.943	10.069	4.596	7.943	23.924	37.6	0.0	0.14	23.122	1.106	0.0	1.188	0.25
2	N#CC(CCN1CCC(C(N)=O)(N2CCCCC2)CC1)(c1ccccc1)c1ccccc1	0.0	0.794	54.134	50.384	19.443	17.856	2.329	11.741	35.594	43.6	56.686	44.255	472.525	0.171	5.334	-2.569	-6.525	2.329	-5.132	0.465	1.133	23.828	-6.525	-1.9	0.881	-0.679	-2.492	1.525	1.948	0.603	-0.183	-2.357	-1.396	1.398	4.178	0.0	0.0	0.0	14.645	2.083	0.284	0.138	7.721	-0.278	0.275	-0.919	-0.526	-0.68	0.03	9.348	8.763	9.511	48.193	13.421	10.896	9.793	1.0	19.94	17.668	0.0	0.0	9.481	9.309	73.991	42.707	0.0	0.0	0.0	3.682	12.402	12.832	12.195	12.756	16.549	18.277	18.174	13.796	0.436	10.45	12.782	0.323	1.047	0.072	-0.018	1.74	0.921	0.284	0.794	-1.477	-0.807	1.956	-0.805	0.03	-0.8	0.0	0.0	0.0	0.0	0.0	0.0	0.0	0.0	0.0	0.0	0.0	0.0	1.254	17.714	17.343	3.587	17.487	16.9	31.91	15.102	13.782	4.262	5.658	18.268	17.563	21.287	21.282	-0.843	0.757	-6.469	0.0	-0.737	0.775	5.153	25.766	23.192	0.778	27.516	28.458	29.008	26.546	0.0	38.725	36.747	0.0	-0.588	0.202	0.407	-0.318	NA	1.238	0.881	-1.9	0.0	0.0	0.0	0.0	0.465	-5.132	23.828	0.0	0.374	-0.8	1.672	729.5077678672013	0.0	1.387	-0.129	-1.446	1.374	0.0	1.655	0.0	1.398	0.0	13274.175	0.0	0.0	-0.805	-0.732	0.0	0.066	0.973	0.0	1.956	25.177	0.005	0.062	0.062	2.26	0.071	12.658	0.0	11.79	0.0	0.0	0.0	0.0	0.0	0.0	0.0	0.0	0.163	30.676	-0.399	4.54	0.56	18.485	23.867	25.795	16.22	16.403	7.862	30.64	1.318	1.89	0.0	1.258	-0.01	0.091	9.714	11.583	0.0	11.38	10.956	11.561	15.758	12.063	14.65	16.189	-0.305	0.072	0.3	0.937	-0.118	-0.518	-0.584	-1.081	-0.924	7.649	-0.059	-10.183	0.104	-10.367	4.981	6.958	-1.086	0.0	0.342	47.083	0.055	23.191	175.091	206.58	0.426	0.0	198.747	40.967	0.383	0.0	0.307	0.782	-0.613	-0.637	-0.965	-0.869	-0.965	7.51	2.397	-10.074	-5.945	-10.205	5.318	33.137	0.0	0.009	5.334	3.852	4.886	2.301	3.208	0.317	2.518	0.009	0.159	19.987	1.496	14.724	1.064	8.105	7.963	3.389	11.459	-1.519	0.129	14.381	13.747	1.034	52.483	18.732	18.761	0.0	10.824	8.104	0.0	402.248	0.0	0.0	0.0	0.0	0.0	0.0	0.0	-0.014	-0.209	0.0	0.0	0.183	-2.957	0.321	10.294	0.406	1.565	-0.332	-1.136	0.0	0.0	105.449	11.301	34.879	41.75	56.307	-0.134	0.041	-0.503	0.15	0.978	0.0	-0.308	0.05	-1.375	0.115	0.0	0.0	0.0	0.0	0.0	0.0	0.0	0.0	0.152	0.0	0.0	0.0	22.542	24.648	14.992	15.582	7.158	6.532	1.17	1.78	0.0	1.116	9.113	9.248	5.839	5.485	3.424	1.934	0.719	0.192	0.182	0.0	5.046	-0.807	0.297	1.167	0.565	0.118	3.122	1.409	4.948	4.482	7.695	7.665	3.955	-0.069	0.112	0.0	1.204	0.758	4.567	244.804	2.186	-6.296	-4.709	0.0	-5.343	0.161	729.5077678672013	0.0	0.923	33.677	0.255	0.368	0.636	0.265	0.674	-1.204	0.374	0.662	0.666	0.637	-4.58	0.0	0.241	0.0	0.055	-1.086	0.005	-0.059	-0.518	0.937	0.3	-0.305	0.091	-0.01	1.74	-0.018	3.212	0.372	-1.526	0.013	-0.305	4.008	24.359	-1.477	0.0	0.179	-3.025	0.351	-1.087	0.46	1.552	-0.386	-1.159	0.0	-0.205	22.305	80.441	823.879	23.377	22.567	0.0	21.129	0.0	0.0	0.0	0.0	0.0	477.966008713558	-1.002	16.532	1.368	-0.455	-2.378	1.278	1.782	0.211	-0.317	-2.107	-1.413	1.244	4.105	1.381	1.202	247.796	0.171	0.614	0.63	0.605	0.556	NA	-0.173	-0.129	0.62	-2.569	2881.934	26.226	23.164	28.407	29.455	30.098	27.873	47.509	39.87	37.753	43.304	93.986	106.943	0.0	0.029	90.971	1.384	0.0	0.753	0.25
3	CCCCNC1CCCCC1	0.0	-0.301	12.254	11.22	10.308	7.477	0.786	6.66	10.584	14.494	28.907	16.525	149.943	0.107	1.114	-1.063	-1.313	0.786	-1.74	-0.65	0.612	11.535	-1.313	-0.23	0.615	-1.257	-1.747	1.325	1.891	-0.516	-0.229	-1.061	-0.857	1.672	1.359	0.0	0.0	0.0	10.656	0.364	0.13	0.809	5.996	-0.852	0.025	-0.232	-0.452	-0.393	-0.279	0.326	0.711	0.233	10.543	0.342	0.56	1.303	1.0	10.531	7.247	0.0	0.0	0.058	0.02	17.373	14.952	0.0	0.0	0.0	1.043	1.762	1.609	1.466	0.95	1.812	1.703	2.233	2.995	0.348	0.376	0.468	0.294	0.583	0.054	0.444	0.163	0.87	0.13	-0.301	-0.547	0.447	0.347	-0.403	-0.279	-0.124	0.0	0.0	0.0	0.0	0.0	0.0	0.0	0.0	0.0	0.0	0.0	0.0	0.658	10.033	9.377	0.981	9.561	4.139	12.315	4.134	3.281	2.396	2.53	9.78	9.943	3.963	2.957	-0.734	0.839	-1.925	0.0	0.094	0.864	1.426	2.117	2.265	0.87	5.895	4.098	3.159	2.904	0.0	5.88	9.489	0.0	-1.019	-0.055	0.94	0.148	NA	-0.005	0.615	-0.23	0.0	0.0	0.0	0.0	-0.65	-1.74	11.535	0.0	0.428	-0.124	0.643	422.17396264723106	0.0	0.081	0.112	-0.064	0.417	0.0	0.658	0.0	0.468	0.0	2197.353	0.0	0.0	-0.403	-0.525	0.0	0.023	0.995	0.0	0.347	20.041	-0.07	0.042	0.039	0.453	0.055	3.189	0.0	2.692	0.0	0.0	0.0	0.0	0.0	0.0	0.0	0.0	0.094	11.256	0.106	2.007	0.813	9.877	0.0	0.127	0.0	0.0	0.0	9.923	0.0	0.0	0.0	0.0	-0.241	0.009	0.234	0.323	0.0	0.721	1.46	1.188	1.666	2.408	1.404	1.278	0.216	-0.114	0.062	0.013	-0.057	-0.2	0.022	0.414	-0.027	2.59	0.271	-3.577	-0.07	-8.08	3.751	0.0	-0.611	0.0	0.433	6.277	0.09	11.846	19.007	30.673	0.706	0.0	28.133	7.516	0.441	0.0	0.26	0.899	-0.031	-0.385	-0.281	0.481	-0.035	2.675	1.941	-3.674	-3.841	-8.692	4.154	43.981	0.0	0.0	1.114	0.0	0.001	0.0	0.0	0.0	0.0	0.0	0.0	10.556	0.617	3.26	0.573	1.652	0.953	1.901	1.782	-0.895	0.092	0.612	1.587	0.297	11.198	3.224	2.182	0.0	1.324	1.035	0.0	137.335	0.0	0.0	0.0	0.0	0.0	0.0	0.0	0.566	-0.549	0.0	0.0	0.179	-1.786	-0.328	0.426	0.179	0.813	-0.205	-0.302	0.0	0.0	19.737	6.419	10.049	13.706	27.326	-0.284	0.096	0.075	-0.04	0.217	0.0	0.148	-0.101	-0.802	0.09	0.0	0.0	0.0	0.0	0.0	0.0	0.0	0.0	0.078	0.0	0.0	0.0	0.0	0.112	0.0	0.0	0.0	0.0	0.0	0.0	0.0	0.0	0.018	0.0	0.0	0.0	0.0	0.0	0.0	0.0	0.0	0.0	1.307	0.447	0.288	0.898	0.0	0.0	0.0	0.0	0.0	0.0	0.011	0.0	1.26	-0.323	0.0	0.0	0.446	0.838	3.067	39.643	1.782	-1.744	-2.919	0.0	-3.568	0.091	422.17396264723106	0.0	0.121	41.944	0.156	0.389	0.759	0.196	0.848	-0.191	0.371	0.795	0.805	0.757	-2.503	0.0	0.042	0.0	0.09	-0.611	-0.07	0.271	-0.2	0.013	0.062	0.216	0.009	-0.241	0.163	0.444	0.737	0.308	-0.111	0.628	-0.581	1.278	17.477	-0.547	0.0	0.196	-1.869	-0.325	-0.132	0.233	0.845	-0.245	-0.333	0.0	-0.093	10.776	8.233	281.638	11.969	11.073	0.0	9.425	0.0	0.0	0.0	0.0	0.0	232.38010701922516	-0.088	8.472	1.341	-1.079	-1.733	1.182	1.812	0.226	-0.269	-0.999	-0.83	1.579	1.314	1.382	0.992	40.675	0.106	0.502	0.552	0.482	0.394	NA	-0.31	0.112	0.542	-1.063	213.767	2.353	2.551	6.478	4.366	3.452	3.099	6.721	6.43	10.408	8.204	14.936	20.267	0.0	0.14	13.521	0.216	0.0	-0.429	0.147
4	CCOP(=S)(OCC)Oc1ccc([N+](=O)[O-])cc1	-0.0	0.429	11.699	18.552	5.065	6.23	3.064	5.158	7.056	8.269	17.866	5.566	129.959	0.269	0.108	-1.223	-3.02	3.064	-4.056	-1.78	0.39	22.141	-3.02	0.37	0.24	-0.581	-0.546	0.747	0.079	0.504	0.04	-0.72	-0.859	0.752	1.576	0.0072859982519303855	0.0072859982519303855	0.0072859982519303855	11.086	0.796	-0.422	-0.245	5.97	0.039	0.028	-0.502	-0.099	0.016	0.677	3.835	5.933	0.67	20.302	3.502	3.408	2.966	0.9012702330883139	5.534	6.766	-0.009	-0.03	2.865	0.542	44.839	5.719	25.94604958337009	-25.94604958337009	-25.94604958337009	3.31	4.638	3.707	2.095	1.599	4.22	3.21	5.617	3.559	0.286	0.489	1.731	0.249	0.968	0.054	-0.585	1.309	0.735	-0.422	0.429	0.599	-1.125	0.401	0.245	0.677	-0.962	0.0	0.0	0.0	0.0	0.0	0.0	0.0	0.0	-0.016	0.0	0.0	0.0	0.461	10.776	10.044	3.285	9.279	2.517	9.366	6.295	5.705	1.963	1.684	4.31	11.244	8.257	5.113	0.23	0.696	-2.281	52.59042438391112	-0.343	0.688	0.944	6.61	2.678	0.712	7.95	11.079	4.63	9.847	3.88103559965053	9.102	7.647	3.88103559965053	-0.145	-0.049	-0.167	0.225	48.70938878426059	0.179	0.24	0.37	-44.82835318461006	0.006	52.59042438391112	52.59042438391112	-1.78	-4.056	22.141	0.0	0.372	-0.962	0.866	480.079975121369	0.0	0.418	0.255	0.301	0.786	0.0	0.899	0.0	0.899	0.0	2577.116	0.0	-0.003	0.245	-0.128	0.0987297669116863	0.063	0.975	0.032	0.401	15.146	0.562	0.067	0.056	0.946	0.056	4.455	0.0	4.137	0.09144376865975593	0.0	-0.09144376865975593	-0.09144376865975593	0.0	0.0	0.0	0.0	0.245	7.28	-0.449	1.365	0.118	4.356	1.901	2.395	0.0	0.0	0.0	10.9	0.0	0.0	0.0	0.0	0.241	-0.053	0.458	1.742	2.0673127833600615	1.296	4.0	3.042	4.624	3.215	3.702	2.614	-0.014	0.164	0.029	0.357	-0.053	-0.487	-0.116	0.615	-1.246	1.962	-0.701	-4.143	-0.132	-5.727	2.795	0.0	0.001	0.019	0.432	7.496	-0.383	16.156	63.138	83.116	0.035	3.88103559965053	83.536	12.591	0.419	0.0	0.245	0.792	-0.008	0.122	-0.625	0.764	-1.287	1.856	0.787	-3.547	-2.087	-4.768	2.465	31.44	0.0	0.0	0.108	0.213	0.78	0.0	0.0	0.0	0.0	0.0	0.0	5.815	0.593	1.816	0.437	8.133	8.074	1.542	3.875	-0.239	-0.232	3.53	9.663	0.417	12.338	6.999	3.391	0.091	2.003	5.412	2.0673127833600615	161.07	-0.715	-0.143	0.2	0.131	-0.078	-0.114	0.017	0.225	0.076	2.0673127833600615	-0.023	-0.22	-0.769	0.133	5.378	0.342	0.937	-0.217	-0.521	0.018	0.024	58.74	4.859	7.6	9.002	19.25	0.072	0.091	-0.191	-0.091	0.423	-0.028	-0.39	0.082	-0.206	-0.195	0.041	0.048	-0.066	-0.04	-0.003	0.041	-0.017	-0.048	0.146	0.019	-0.03	0.0	2.376	3.026	0.0	0.0	0.0	0.0	0.0	0.0	0.0	0.0	0.532	0.329	0.0	0.0	0.0	0.0	0.0	0.0	0.0	0.0	1.175	-1.125	0.196	1.017	0.0	0.0	0.0	0.0	0.0	0.0	0.517	0.291	4.046	0.07	0.0	0.0	-0.208	0.675	3.6	114.308	0.692	-2.136	-1.996	9.128657559725623	-1.71	0.233	532.67039950528	0.016	-0.36	32.056	0.306	0.397	0.544	0.4	0.688	-0.319	0.369	0.532	0.567	0.512	-1.407	0.0	0.349	0.0	-0.383	0.001	0.562	-0.701	-0.487	0.357	0.029	-0.014	-0.053	0.241	1.309	-0.585	1.97	-0.158	-0.108	0.218	0.004	4.296	13.592	0.599	-0.0	-0.215	-0.818	0.044	-0.667	0.419	0.91	-0.241	-0.489	-0.0	-0.011	14.115	31.796	329.845	15.971	13.488	-0.0	13.518	-0.184	-48.70938878426059	-48.70938878426059	48.70938878426059	-0.0	297.0690824812611	-0.74	10.703	1.324	-0.423	-0.46	0.737	-0.151	-0.406	-0.033	-0.505	-0.914	0.589	1.64	1.352	1.047	117.421	0.25	0.398	0.536	0.466	0.529	48.70938878426059	0.067	0.255	0.583	-1.223	725.48	5.673	2.201	8.033	10.844	4.84	8.166	6.938	9.056	7.868	13.032	42.025	59.839	-0.0	0.065	43.476	0.845	0.0	0.682	0.09
5	CC(C)CCI	0.0	-0.102	1.842	3.343	3.785	2.725	-0.763	2.685	7.508	4.693	10.934	8.097	54.247	0.317	0.05	0.54	0.808	-0.763	-2.771	0.194	0.356	5.751	0.808	-0.63	0.602	-1.063	-0.488	0.815	0.789	-0.39	-0.067	-0.657	-0.406	1.173	0.464	0.0	0.0	0.0	5.669	0.117	-0.221	0.515	4.567	-0.293	-0.13	-0.047	-0.255	-0.103	-0.256	0.0	0.0	0.0	3.05	0.058	0.0	0.0	1.0	3.785	2.562	0.0	0.0	0.0	0.0	15.293	7.557	0.0	0.0	0.0	1.176	0.0	0.0	0.0	0.0	0.0	0.116	0.0	0.0	0.191	0.0	0.0	0.265	3.551	0.117	0.07	0.235	0.654	-0.221	-0.102	-0.427	1.096	-0.884	0.332	-0.256	0.151	0.0	0.0	0.0	0.0	0.0	0.0	0.0	0.0	0.0	0.0	0.0	0.0	0.372	2.615	2.972	1.191	3.537	5.556	4.867	2.375	4.629	1.022	1.588	3.783	2.612	1.975	0.565	-0.377	0.567	-0.861	0.0	0.398	0.702	0.448	0.0	0.0	0.664	0.0	0.0	0.0	0.0	0.0	0.0	0.0	0.0	-0.374	-0.201	0.627	0.101	NA	-0.253	0.602	-0.63	0.0	0.0	0.0	0.0	0.194	-2.771	5.751	0.0	0.507	0.151	0.538	306.9124947743293	0.0	-0.129	0.066	-0.098	0.314	0.0	0.548	0.0	0.324	0.0	400.624	0.0	0.0	0.332	-0.301	0.0	0.011	0.997	0.0	-0.884	9.335	-0.151	0.064	0.07	0.195	0.118	1.241	0.0	2.885	0.0	0.0	0.0	0.0	0.0	0.0	0.0	0.0	0.234	4.327	-0.009	1.079	0.47	3.783	0.0	0.0	0.0	0.0	0.0	3.368	0.0	0.0	0.0	0.0	-0.284	0.06	0.0	0.0	0.0	0.0	0.0	0.0	0.0	0.0	0.0	0.059	-0.236	0.009	0.274	-0.095	0.048	0.249	-0.109	0.35	-0.166	0.934	0.074	-1.538	0.003	-2.532	0.073	0.0	-0.585	0.0	0.518	0.325	0.354	4.608	10.512	12.078	0.404	0.0	10.437	0.0	0.512	0.0	0.297	0.923	0.014	-0.09	-0.046	0.41	-0.192	0.948	1.049	-1.58	-1.474	-2.762	0.087	21.347	0.0	0.0	0.05	0.0	0.0	0.0	0.0	0.0	0.0	0.0	0.0	3.789	2.727	3.543	0.226	10.826	1.444	0.803	12.515	-0.477	0.059	0.111	2.699	0.107	1.703	0.999	0.43	0.0	0.0	0.0	0.0	47.132	0.0	0.0	0.0	0.0	0.0	0.0	0.0	0.319	-0.196	0.0	0.0	-0.115	-0.815	0.081	0.0	0.145	0.295	-0.18	-0.258	0.0	0.0	5.997	2.529	6.934	4.301	10.19	-0.119	0.06	-0.048	-0.007	0.068	0.0	0.012	0.018	-0.358	0.029	0.0	0.0	0.0	0.0	0.0	0.0	0.0	0.0	0.067	0.0	0.0	0.0	0.0	0.0	0.0	0.0	0.0	0.0	0.0	0.0	0.0	0.0	0.0	0.0	0.0	0.0	0.0	0.0	0.0	0.0	0.0	0.0	0.535	1.096	0.16	1.095	0.0	0.0	0.0	0.0	0.0	0.0	0.0	0.0	1.458	-0.274	0.0	0.0	0.14	0.565	1.8	12.653	0.98	-0.722	-1.633	0.0	-1.382	0.266	306.9124947743293	0.0	-0.13	20.098	0.123	0.393	0.35	0.129	0.884	0.141	0.378	0.553	0.496	0.347	-1.062	0.0	0.006	0.0	0.354	-0.585	-0.151	0.074	0.249	-0.095	0.274	-0.236	0.06	-0.284	0.235	0.07	0.459	0.122	-0.092	0.348	-0.206	1.467	8.087	-0.427	0.0	-0.127	-0.868	0.086	-0.035	0.167	0.305	-0.194	-0.281	0.0	0.019	4.477	3.416	95.753	4.629	5.038	0.0	6.881	0.0	0.0	0.0	0.0	0.0	153.9415062497943	-0.037	6.348	1.397	-0.964	-0.486	0.744	0.771	0.107	-0.084	-0.62	-0.368	1.102	0.429	1.419	1.385	12.802	0.316	0.991	0.514	0.675	3.511	NA	-0.147	0.066	0.512	0.54	39.573	0.0	0.0	0.0	0.0	0.0	0.0	0.362	0.0	0.0	0.0	5.69	6.071	0.0	0.101	4.848	0.074	0.0	-0.359	0.034
6	CC(C)NCC(O)c1ccc(O)c(O)c1	0.0	0.48	14.282	12.17	7.954	11.354	0.839	8.583	7.677	16.449	26.112	10.141	142.923	0.134	2.306	-1.358	-2.735	0.839	-2.327	-0.001	0.235	14.879	-2.735	-0.662	0.741	0.082	-1.094	-0.137	0.756	0.676	-0.136	-0.438	-1.142	0.187	1.927	0.0	0.0	0.0	11.286	0.828	-0.06	-0.166	6.296	-0.026	0.105	-0.454	-0.077	-0.251	0.102	2.696	1.147	2.61	12.463	0.687	1.695	4.255	1.0	8.534	10.846	0.0	0.0	0.448	0.226	27.515	9.362	0.0	0.0	0.0	1.415	1.555	3.737	0.934	2.752	2.459	1.201	2.545	4.427	0.161	0.579	0.567	0.306	0.821	0.038	-0.254	0.879	0.818	-0.06	0.48	-0.772	-0.724	1.2	-0.473	0.102	-0.385	0.0	0.0	0.0	0.0	0.0	0.0	0.0	0.0	0.0	0.0	0.0	0.0	0.287	11.141	10.344	1.335	10.388	2.541	11.444	5.427	2.24	2.52	3.162	6.814	11.312	4.285	3.331	-0.348	0.83	-2.537	0.0	-0.23	0.852	1.936	1.477	3.801	0.859	5.836	3.35	7.472	3.806	0.0	6.065	11.63	0.0	-0.16	0.126	-0.04	-0.302	NA	0.61	0.741	-0.662	0.0	0.0	0.0	0.0	-0.001	-2.327	14.879	0.0	0.491	-0.385	0.511	455.7191322554246	0.0	0.686	-0.001	-0.329	0.356	0.0	0.535	0.0	0.395	0.0	2333.036	0.0	0.0	-0.473	-0.127	0.0	0.017	0.993	0.0	1.2	17.767	-0.114	0.032	0.03	0.895	0.04	4.386	0.0	1.859	0.0	0.0	0.0	0.0	0.0	0.0	0.0	0.0	0.116	10.621	-0.107	2.424	0.04	6.982	1.819	2.817	0.0	0.01	0.0	10.581	0.0	0.0	0.0	0.0	-0.033	0.131	0.435	0.486	0.0	2.492	1.411	3.444	1.99	4.071	2.173	1.0	-0.175	-0.177	0.184	0.371	0.107	-0.169	-0.272	0.74	-0.802	2.851	-0.036	-4.773	0.102	-6.09	5.166	0.0	-0.512	0.0	0.444	5.894	0.013	13.621	31.238	37.358	-0.011	0.0	34.932	6.82	0.499	0.0	0.272	0.886	-0.386	-0.231	-0.501	0.726	-1.001	2.659	1.454	-4.344	-3.023	-6.337	5.227	34.318	0.0	0.0	2.306	0.099	0.194	0.0	0.0	0.0	0.0	0.0	0.0	8.564	0.7	1.937	0.817	1.762	2.526	2.049	0.719	-0.471	0.034	1.329	4.199	0.466	14.428	3.743	2.598	0.0	0.754	0.613	0.0	145.815	0.0	0.0	0.0	0.0	0.0	0.0	0.0	0.005	-0.075	0.0	0.0	0.217	-0.952	-0.466	0.585	0.534	0.732	0.093	-0.579	0.0	0.0	27.036	9.136	7.515	16.084	26.591	-0.102	0.118	-0.236	0.123	0.428	0.0	-0.082	-0.157	-0.435	0.03	0.0	0.0	0.0	0.0	0.0	0.0	0.0	0.0	0.097	0.0	0.0	0.0	1.911	2.969	0.0	0.009	0.0	0.0	0.0	0.0	0.0	0.0	0.588	0.287	0.002	0.0	0.0	0.0	0.0	0.0	0.0	0.0	1.94	-0.724	0.124	0.902	0.0	0.0	0.0	0.0	0.001	0.0	0.458	0.215	1.798	-0.058	0.0	0.0	0.932	0.826	3.412	51.051	1.265	-2.445	-2.35	0.0	-2.987	0.111	455.7191322554246	0.0	0.581	34.5	0.144	0.32	0.746	0.177	0.829	-0.463	0.29	0.777	0.789	0.739	-2.131	0.0	0.05	0.0	0.013	-0.512	-0.114	-0.036	-0.169	0.371	0.184	-0.175	0.131	-0.033	0.879	-0.254	1.202	0.188	-0.414	0.028	-0.096	1.811	16.45	-0.772	0.0	0.185	-0.972	-0.46	-0.266	0.604	0.766	0.042	-0.597	0.0	0.047	12.036	15.912	299.856	13.487	12.198	0.0	12.452	0.0	0.0	0.0	0.0	0.0	252.84126855612897	-0.27	11.033	1.363	0.052	-1.11	-0.28	0.654	0.031	-0.167	-0.383	-1.173	0.067	1.958	1.383	0.973	51.379	0.132	0.49	0.564	0.486	0.553	NA	-0.112	-0.001	0.582	-1.358	448.089	1.454	3.636	6.062	3.375	7.261	3.82	5.344	6.018	11.508	7.198	19.358	27.103	0.0	0.115	17.974	0.217	0.0	0.9	0.218
7	O=S(=O)(O)c1ccc2ccccc2c1	0.0	0.244	7.7	5.847	4.72	2.316	2.822	4.268	6.685	7.799	12.37	1.456	73.358	0.233	1.402	-1.653	-2.592	2.822	-2.443	-1.053	0.381	17.482	-2.592	-0.462	0.327	0.488	-0.573	0.071	-0.082	0.433	0.171	-0.276	-0.747	-0.164	1.252	0.0	0.0	0.0	8.695	0.969	0.676	-0.61	5.341	0.307	0.377	-0.471	0.078	0.046	0.094	2.1	0.043	0.177	6.501	0.27	2.244	2.397	1.0	5.588	2.181	0.0	0.0	0.0	0.0	30.215	1.795	0.0	0.0	0.0	1.636	0.079	1.213	0.0	0.401	2.126	0.762	0.798	1.553	0.135	0.0	0.0	0.275	0.875	0.034	-0.273	1.026	0.716	0.676	0.244	-0.604	-0.498	0.747	0.024	0.094	-0.419	0.0	0.0	0.0	0.0	0.0	0.0	0.0	0.0	0.0	0.0	0.0	0.0	0.389	6.986	5.936	1.577	6.095	0.756	6.519	5.722	2.678	1.419	0.884	4.214	7.328	3.46	3.776	0.366	0.75	-2.172	0.0	-0.547	0.771	1.744	0.0	0.0	0.771	3.965	0.416	2.743	0.0	0.0	4.033	3.164	0.0	0.164	0.423	-0.566	-0.236	NA	0.737	0.327	-0.462	0.0	0.0	0.0	0.0	-1.053	-2.443	17.482	0.0	0.456	-0.419	0.329	395.2625820969771	0.0	0.717	0.173	-0.568	0.185	0.0	0.292	0.0	0.178	0.0	937.574	0.0	0.0	0.024	0.065	0.0	0.032	0.987	0.0	0.747	13.728	0.099	0.022	0.024	1.031	0.031	4.359	0.0	2.446	0.0	0.0	0.0	0.0	0.0	0.0	0.0	0.0	0.207	6.338	-0.386	0.693	-0.332	3.824	0.0	0.0	0.0	0.0	0.0	9.076	0.0	0.0	0.0	0.0	-0.055	0.117	0.0	0.0	0.0	0.317	0.06	1.165	0.771	1.188	1.526	0.566	-0.114	-0.091	0.02	0.415	0.003	-0.21	-0.347	0.076	-0.309	2.755	-0.218	-3.074	-0.008	-2.463	0.653	0.0	-0.293	0.0	0.493	3.593	-0.127	9.774	22.064	21.024	-0.352	0.0	20.188	2.467	0.502	0.0	0.256	0.844	-0.324	0.066	-0.5	-0.042	-0.361	2.827	-0.201	-2.864	-1.782	-2.172	0.477	17.785	0.0	0.0	1.402	0.0	0.0	0.0	0.0	0.0	0.0	0.0	0.0	9.916	0.199	0.717	0.387	2.817	7.268	1.131	1.526	-0.222	-0.037	4.128	4.521	0.634	7.862	3.188	3.033	0.0	0.0	0.0	0.0	85.234	0.0	0.0	0.0	0.0	0.0	0.0	0.0	0.024	-0.209	0.0	0.0	0.144	-0.315	-0.046	1.357	0.158	0.86	0.123	-0.53	0.0	0.0	18.626	4.326	7.214	8.028	13.561	0.029	0.198	-0.353	-0.027	0.621	0.0	-0.375	-0.058	-0.17	-0.061	0.0	0.0	0.0	0.0	0.0	0.0	0.0	0.0	0.124	0.0	0.0	0.0	0.0	0.0	0.0	0.0	0.0	0.0	0.0	0.0	0.0	0.0	0.0	0.0	0.0	0.0	0.0	0.0	0.0	0.0	0.0	0.0	1.79	-0.498	0.077	0.716	0.0	0.0	0.0	0.0	0.0	0.0	0.0	0.0	2.118	0.394	0.0	0.0	-0.36	0.736	2.855	33.505	-0.397	-2.087	-1.501	0.0	-1.355	0.205	395.2625820969771	0.0	-0.332	18.722	0.059	0.177	0.625	0.056	0.765	-0.601	0.214	0.656	0.657	0.604	-1.363	0.0	0.108	0.0	-0.127	-0.293	0.099	-0.218	-0.21	0.415	0.02	-0.114	0.117	-0.055	1.026	-0.273	1.108	0.036	-0.622	0.037	-0.2	2.216	12.707	-0.604	0.0	0.15	-0.347	-0.099	-0.632	0.183	0.908	0.115	-0.561	0.0	-0.01	7.698	10.782	174.4	9.493	7.908	0.0	8.905	0.0	0.0	0.0	0.0	0.0	209.11975370304933	-0.621	7.512	1.278	0.564	-0.597	-0.036	-0.042	0.004	0.201	-0.29	-0.74	-0.141	1.223	1.232	0.753	32.18	0.217	0.422	0.553	0.401	0.643	NA	-0.014	0.173	0.608	-1.653	334.387	0.0	0.0	3.552	0.341	2.471	0.0	3.729	3.881	2.662	2.161	11.343	18.167	0.0	0.179	10.754	0.286	0.0	0.401	0.124
8	CC(N)CC(C)(C)N	0.0	-0.122	8.381	5.429	6.609	6.8	0.216	6.493	17.031	9.863	19.306	14.44	99.983	0.239	1.164	-0.791	-1.092	0.216	-1.255	-0.126	0.569	7.877	-1.092	-0.225	0.419	-1.367	-0.519	0.358	1.416	-0.096	-0.166	-0.789	-0.617	0.788	1.111	0.0	0.0	0.0	6.373	0.306	0.083	0.587	3.416	-0.335	-0.068	-0.12	-0.327	-0.208	-0.227	0.0	0.0	0.0	4.902	0.311	0.011	0.002	1.0	6.907	6.401	0.0	0.0	0.0	0.0	12.145	13.45	0.0	0.0	0.0	1.179	0.0	0.0	0.0	0.0	0.217	0.907	0.0	0.032	0.244	0.0	0.0	0.396	0.719	0.158	0.189	0.217	0.857	0.083	-0.122	-0.442	0.307	0.388	-0.252	-0.227	-0.011	0.0	0.0	0.0	0.0	0.0	0.0	0.0	0.0	0.0	0.0	0.0	0.0	0.597	3.552	3.032	1.113	3.103	4.409	8.671	1.816	4.076	2.001	2.111	5.882	3.56	1.093	2.776	-0.53	0.605	-1.465	0.0	-0.098	0.614	1.146	0.0	0.0	0.623	0.0	0.0	0.0	0.0	0.0	1.331	0.198	0.0	-0.385	-0.15	0.678	-0.112	NA	0.101	0.419	-0.225	0.0	0.0	0.0	0.0	-0.126	-1.255	7.877	0.0	0.552	-0.011	0.931	328.59234519536034	0.0	0.164	0.149	0.124	0.722	0.0	0.945	0.0	0.77	0.0	907.042	0.0	0.0	-0.252	-0.369	0.0	0.119	0.931	0.0	0.388	12.347	0.054	0.152	0.148	0.361	0.16	1.243	0.0	2.956	0.0	0.0	0.0	0.0	0.0	0.0	0.0	0.0	0.233	8.038	0.03	1.628	0.415	6.012	0.0	0.0	0.0	0.0	0.0	6.943	0.0	0.0	0.0	0.0	-0.138	-0.15	0.0	0.0	0.0	0.0	0.0	0.0	0.0	0.02	0.134	0.747	0.043	0.062	0.175	-0.089	0.057	-0.073	-0.049	1.161	-0.411	1.826	0.181	-2.5	0.006	-3.972	0.494	0.0	-0.303	0.0	0.377	4.426	-0.092	5.88	10.161	14.828	0.358	0.0	13.666	0.0	0.567	0.0	0.354	0.678	-0.194	-0.199	-0.158	1.206	-0.461	1.676	0.797	-2.25	-2.48	-4.165	0.238	26.431	0.0	0.0	1.164	0.0	0.0	0.0	0.0	0.0	0.0	0.0	0.0	6.909	0.451	3.542	0.592	0.656	0.235	1.64	1.663	-0.417	-0.12	2.998	0.143	0.051	8.487	0.76	2.611	0.0	0.0	0.0	0.0	75.587	0.0	0.0	0.0	0.0	0.0	0.0	0.0	-0.034	-0.321	0.0	0.0	-0.316	-0.845	-0.01	0.0	0.415	0.195	-0.122	-0.208	0.0	0.0	9.555	6.612	15.503	8.919	19.08	-0.123	-0.086	-0.021	0.041	0.014	0.0	0.058	0.06	-0.371	-0.103	0.0	0.0	0.0	0.0	0.0	0.0	0.0	0.0	0.203	0.0	0.0	0.0	0.0	0.0	0.0	0.0	0.0	0.0	0.0	0.0	0.0	0.0	0.0	0.0	0.0	0.0	0.0	0.0	0.0	0.0	0.0	0.0	1.125	0.307	0.211	1.033	0.0	0.0	0.0	0.0	0.0	0.0	0.0	0.0	1.39	-0.321	0.0	0.0	0.046	0.601	2.071	20.04	0.71	-1.385	-1.535	0.0	-2.439	0.229	328.59234519536034	0.0	0.019	25.829	0.275	0.475	0.408	0.317	0.517	-0.258	0.456	0.421	0.435	0.402	-1.381	0.0	0.118	0.0	-0.092	-0.303	0.054	0.181	-0.073	-0.089	0.175	0.043	-0.15	-0.138	0.217	0.189	0.876	0.105	0.04	-0.001	-0.309	1.412	10.995	-0.442	0.0	-0.324	-0.908	0.016	-0.109	0.432	0.215	-0.171	-0.23	0.0	0.025	4.866	4.523	153.255	5.909	5.052	0.0	4.318	0.0	0.0	0.0	0.0	0.0	179.66621123724389	-0.096	2.926	1.565	-1.284	-0.573	0.279	1.394	0.02	-0.216	-0.765	-0.597	0.727	1.094	1.597	1.137	20.356	0.236	0.424	0.555	0.404	0.375	NA	-0.127	0.149	0.557	-0.791	76.726	0.0	0.0	0.0	0.0	0.0	0.0	4.274	1.5	0.223	0.0	6.957	9.707	0.0	-0.066	6.365	0.515	0.0	0.013	0.226
10	CC(C)c1ccc(CO)cc1	0.0	0.269	9.597	6.652	5.716	5.076	0.568	5.597	8.901	10.373	17.043	9.963	97.833	0.149	1.701	-0.913	-1.94	0.568	-0.875	-0.16	0.563	10.275	-1.94	-0.481	0.405	-0.312	-0.973	0.762	0.706	0.298	0.358	-0.843	-0.479	0.954	1.261	0.0	0.0	0.0	8.174	0.574	0.183	0.134	4.387	-0.054	0.105	-0.317	-0.219	-0.011	0.014	0.086	0.011	0.0	6.308	0.271	0.446	0.755	1.0	5.807	5.183	0.0	0.0	0.0	0.0	17.706	9.318	0.0	0.0	0.0	1.037	0.118	0.52	0.0	0.0	2.115	1.515	0.651	1.169	0.303	0.0	0.0	0.248	0.685	0.105	0.135	0.427	0.82	0.183	0.269	-0.492	-0.164	0.566	-0.042	0.014	-0.301	0.0	0.0	0.0	0.0	0.0	0.0	0.0	0.0	0.0	0.0	0.0	0.0	0.603	6.528	5.498	0.969	5.607	3.857	10.544	3.646	3.511	1.925	1.563	5.563	6.634	2.907	3.124	-0.323	0.751	-2.38	0.0	-0.123	0.764	1.77	0.0	0.0	0.773	1.924	0.732	0.0	0.0	0.0	7.54	2.683	0.0	-0.171	0.07	0.223	-0.115	NA	0.4	0.405	-0.481	0.0	0.0	0.0	0.0	-0.16	-0.875	10.275	0.0	0.377	-0.301	0.927	379.32855384291446	0.0	0.435	0.127	-0.328	0.647	0.0	0.942	0.0	0.699	0.0	1171.386	0.0	0.0	-0.042	-0.296	0.0	0.068	0.983	0.0	0.566	13.794	-0.023	0.095	0.091	0.644	0.107	2.837	0.0	2.984	0.0	0.0	0.0	0.0	0.0	0.0	0.0	0.0	0.141	9.958	-0.26	1.241	0.388	5.579	0.0	0.0	0.0	0.0	0.0	8.783	0.0	0.0	0.0	0.0	0.013	0.092	0.0	0.0	0.0	0.0	0.075	0.379	0.512	1.023	1.597	1.126	-0.064	-0.007	-0.052	0.295	0.018	-0.107	-0.2	-0.119	-0.706	2.293	-0.055	-3.025	-0.117	-1.896	1.379	0.0	-0.179	0.0	0.419	5.132	-0.056	8.83	15.973	21.854	0.318	0.0	20.069	3.643	0.396	0.0	0.217	0.831	-0.224	0.013	-0.329	-0.065	-0.788	2.283	1.261	-3.091	-2.511	-2.205	1.491	25.195	0.0	0.0	1.701	0.0	0.0	0.0	0.0	0.0	0.0	0.0	0.0	5.818	0.437	3.26	0.498	1.804	0.801	1.528	1.982	-0.47	0.066	1.651	1.973	0.444	9.154	2.572	2.534	0.0	0.0	0.0	0.0	93.711	0.0	0.0	0.0	0.0	0.0	0.0	0.0	0.072	0.022	0.0	0.0	0.224	-0.956	-0.004	0.339	0.379	0.711	-0.323	-0.515	0.0	0.0	15.747	5.577	8.305	9.696	16.317	-0.036	0.069	-0.159	-0.093	0.4	0.0	-0.211	-0.011	-0.396	0.042	0.0	0.0	0.0	0.0	0.0	0.0	0.0	0.0	0.101	0.0	0.0	0.0	0.0	0.0	0.0	0.0	0.0	0.0	0.0	0.0	0.0	0.0	0.0	0.0	0.0	0.0	0.0	0.0	0.0	0.0	0.0	0.0	1.71	-0.164	0.252	0.816	0.0	0.0	0.0	0.0	0.0	0.0	0.0	0.0	1.27	-0.072	0.0	0.0	0.155	0.744	2.593	32.383	1.093	-2.245	-1.084	0.0	-2.448	0.136	379.32855384291446	0.0	0.036	24.851	0.174	0.375	0.627	0.201	0.746	-0.318	0.369	0.645	0.659	0.616	-1.021	0.0	0.1	0.0	-0.056	-0.179	-0.023	-0.055	-0.107	0.295	-0.052	-0.064	0.092	0.013	0.427	0.135	0.7	0.103	-0.36	0.085	0.003	1.304	12.67	-0.492	0.0	0.275	-1.034	0.006	-0.49	0.413	0.744	-0.345	-0.555	0.0	-0.021	7.114	7.111	190.745	8.774	7.342	0.0	6.944	0.0	0.0	0.0	0.0	0.0	200.1418987131797	-0.442	5.769	1.365	-0.195	-0.969	0.657	0.653	0.001	0.322	-0.731	-0.5	0.874	1.222	1.37	0.891	32.678	0.144	0.442	0.599	0.425	0.469	NA	-0.043	0.127	0.619	-0.913	181.055	0.0	0.0	2.109	0.805	0.0	0.0	5.6	7.936	2.865	3.468	10.453	15.888	0.0	0.066	9.51	0.475	0.0	0.34	0.116
11	N#Cc1c(Cl)c(Cl)c(Cl)c(C#N)c1Cl	0.0	0.391	3.673	0.937	2.858	0.013	3.493	0.127	4.771	7.662	5.938	3.555	31.243	0.42	-0.878	-0.099	-2.864	3.493	-3.16	-1.87	-0.008	5.609	-2.864	-0.296	-1.254	0.003	0.555	-0.199	-0.24	0.24	0.022	0.12	-0.275	-0.175	0.552	0.0	0.0	0.0	7.169	0.598	-0.142	-0.306	4.036	0.489	0.105	-0.29	0.115	0.057	0.274	0.0	0.0	0.0	1.041	16.822	6.902	0.015	1.0	2.86	0.017	0.0	0.0	0.0	0.0	35.327	4.552	0.0	0.0	0.0	3.164	0.0	0.0	0.0	0.0	3.02	3.139	0.475	0.003	-0.009	0.0	0.0	0.553	1.507	0.0	-0.331	0.817	0.596	-0.142	0.391	0.081	-0.233	0.176	-0.028	0.274	-0.74	0.0	0.0	0.0	0.0	0.0	0.0	0.0	0.0	0.0	0.0	0.0	0.0	-0.037	4.045	3.686	2.923	3.61	4.45	5.745	9.48	3.155	0.079	0.016	2.86	4.19	0.834	4.549	1.723	0.569	-2.245	0.0	-0.391	0.533	0.205	0.0	0.0	0.558	0.0	0.0	0.0	0.0	0.0	3.839	0.003	0.0	0.452	0.141	-0.324	-0.209	NA	0.305	-1.254	-0.296	0.0	0.0	0.0	0.0	-1.87	-3.16	5.609	0.0	0.56	-0.74	0.0	396.16808485548563	0.0	0.304	0.219	-0.301	0.0	0.0	0.0	0.0	0.0	0.0	325.34	0.0	0.0	-0.028	0.129	0.0	0.0	0.872	0.0	0.176	7.94	-0.377	0.0	0.0	0.655	0.0	7.662	0.0	3.324	0.0	0.0	0.0	0.0	0.0	0.0	0.0	0.0	0.467	5.754	-0.029	0.013	-0.243	2.858	0.0	0.0	0.0	0.0	0.0	6.316	0.0	0.0	0.0	0.0	0.005	0.06	0.0	0.0	0.0	0.0	0.0	0.0	0.487	0.002	2.7	2.17	0.205	-0.136	-0.308	0.485	-0.397	-0.826	0.016	-0.298	-0.478	0.277	0.106	-2.228	-0.065	-1.006	-0.894	0.0	-0.642	0.0	0.537	3.496	-0.092	7.369	25.326	18.195	-0.21	0.0	17.383	1.177	0.475	0.0	0.473	0.509	-0.23	0.08	-0.328	-0.313	-0.364	0.477	-0.389	-2.104	1.189	-0.959	-0.737	8.068	0.0	0.0	-0.878	0.0	0.0	0.0	0.0	0.0	0.0	0.0	0.0	2.874	0.039	3.555	0.149	8.058	22.57	0.088	11.459	-0.35	-0.071	10.86	1.319	0.396	4.648	0.822	3.673	0.0	0.0	0.0	0.0	46.477	0.0	0.0	0.0	0.0	0.0	0.0	0.0	0.176	0.007	0.0	0.0	-0.126	-0.363	-0.124	1.945	-0.392	0.387	-0.064	-0.041	0.0	0.0	13.321	0.147	5.866	9.684	6.071	0.018	0.159	-0.028	-0.04	0.378	0.0	-0.044	-0.103	-0.307	-0.087	0.0	0.0	0.0	0.0	0.0	0.0	0.0	0.0	0.491	0.0	0.0	0.0	0.0	0.0	0.0	0.0	0.0	0.0	0.0	0.0	0.0	0.0	0.0	0.0	0.0	0.0	0.0	0.0	0.0	0.0	0.0	0.0	0.421	-0.233	-0.035	0.972	0.0	0.0	0.0	0.0	0.0	0.0	0.0	0.0	3.179	1.385	0.0	0.0	-0.605	0.58	2.854	20.69	-0.336	-2.105	-1.573	0.0	1.382	0.442	396.16808485548563	0.0	-0.602	7.953	0.102	0.198	0.5	0.072	0.5	-0.419	0.217	0.5	0.5	0.5	-1.253	0.0	0.095	0.0	-0.092	-0.642	-0.377	0.106	-0.826	0.485	-0.308	0.205	0.06	0.005	0.817	-0.331	4.054	-0.306	-0.321	0.179	0.014	2.928	8.029	0.081	0.0	-0.119	-0.309	-0.098	-0.034	-0.338	0.374	-0.036	-0.061	0.0	-0.344	6.609	17.063	95.682	6.974	6.774	0.0	8.263	0.0	0.0	0.0	0.0	0.0	209.91726139712955	-0.015	4.209	1.29	-0.051	0.573	-0.162	-0.213	-0.382	0.011	0.146	-0.316	-0.181	0.573	1.152	1.006	18.82	0.431	0.381	0.479	0.397	0.923	NA	0.014	0.219	0.513	-0.099	325.34	0.0	0.0	0.0	0.0	0.0	0.0	2.302	3.134	0.002	0.84	11.421	11.846	0.0	0.144	10.774	0.0	0.0	0.191	0.489
12	COc1ccc(N)cc1OC	0.0	0.795	8.357	10.141	3.38	6.299	0.703	4.891	4.587	7.009	10.177	2.025	75.43	0.406	1.914	-0.8	-2.163	0.703	-0.942	-0.679	-0.021	10.134	-2.163	-0.719	0.3	-0.092	-0.306	-0.007	0.125	0.759	-0.286	-0.23	-0.808	0.182	1.465	0.0	0.0	0.0	8.014	0.791	0.04	-0.376	4.254	0.293	-0.009	-0.422	0.071	-0.157	0.209	0.071	0.013	0.0	9.952	1.876	0.711	1.06	1.0	3.916	6.918	0.0	0.0	0.0	0.0	19.251	1.911	0.0	0.0	0.0	3.037	0.259	0.199	0.0	0.0	3.593	1.333	0.571	1.337	0.017	0.0	0.0	0.334	0.391	0.022	-0.391	0.921	0.819	0.04	0.795	-0.706	-0.775	1.12	-0.165	0.209	-0.467	0.0	0.0	0.0	0.0	0.0	0.0	0.0	0.0	0.0	0.0	0.0	0.0	0.046	5.095	3.933	2.908	4.154	0.829	5.444	2.797	1.274	1.617	1.313	2.427	4.964	4.566	1.858	-0.165	0.57	-2.126	0.0	-0.129	0.568	1.217	0.0	0.0	0.566	0.963	1.583	0.0	0.0	0.0	11.556	5.814	0.0	0.195	-0.032	-0.301	-0.191	NA	0.685	0.3	-0.719	0.0	0.0	0.0	0.0	-0.679	-0.942	10.134	0.0	0.445	-0.467	0.195	371.5639789199322	0.0	0.733	-0.164	-0.297	0.106	0.0	0.209	0.0	0.128	0.0	915.203	0.0	0.0	-0.165	0.036	0.0	0.005	0.912	0.0	1.12	9.867	0.052	0.017	0.015	0.82	0.023	2.364	0.0	1.041	0.0	0.0	0.0	0.0	0.0	0.0	0.0	0.0	0.415	5.309	-0.298	1.052	-0.087	2.543	0.0	0.0	0.0	0.0	0.0	6.332	0.0	0.0	0.0	0.0	0.175	0.206	0.0	0.0	0.0	0.0	0.159	0.166	0.413	1.104	2.721	1.339	-0.325	0.001	-0.057	0.551	0.007	-0.145	-0.318	-0.071	-0.817	1.514	-0.31	-3.137	-0.1	-2.602	0.26	0.0	-0.175	0.0	0.44	3.053	-0.188	8.714	14.177	22.463	-0.142	0.0	20.317	2.181	0.473	0.0	0.297	0.589	-0.278	-0.166	-0.435	0.175	-0.853	1.204	0.74	-2.921	-1.747	-2.404	0.185	19.429	0.0	0.0	1.914	0.0	0.0	0.0	0.0	0.0	0.0	0.0	0.0	3.931	0.508	0.673	0.435	0.888	1.86	1.306	0.265	-0.219	-0.133	0.771	3.379	0.49	9.393	4.122	1.531	0.0	0.0	0.0	0.0	83.2	0.0	0.0	0.0	0.0	0.0	0.0	0.0	0.3	0.065	0.0	0.0	-0.298	-0.656	-0.196	0.09	0.259	0.759	-0.31	-0.471	0.0	0.0	19.311	4.865	4.363	6.97	10.499	0.054	0.187	-0.307	-0.079	0.477	0.0	-0.289	0.01	-0.19	-0.13	0.0	0.0	0.0	0.0	0.0	0.0	0.0	0.0	0.406	0.0	0.0	0.0	0.0	0.0	0.0	0.0	0.0	0.0	0.0	0.0	0.0	0.0	0.0	0.0	0.0	0.0	0.0	0.0	0.0	0.0	0.0	0.0	1.295	-0.775	-0.013	0.667	0.0	0.0	0.0	0.0	0.0	0.0	0.0	0.0	3.555	0.007	0.0	0.0	-0.075	0.571	2.403	31.471	0.714	-2.045	-0.977	0.0	-1.721	0.419	371.5639789199322	0.0	-0.124	19.833	0.071	0.279	0.466	0.104	0.492	-0.248	0.244	0.474	0.477	0.465	-0.948	0.0	0.006	0.0	-0.188	-0.175	0.052	-0.31	-0.145	0.551	-0.057	-0.325	0.206	0.175	0.921	-0.391	2.347	0.012	-0.38	0.297	0.02	3.622	9.373	-0.706	0.0	-0.257	-0.669	-0.179	-0.308	0.279	0.717	-0.323	-0.452	0.0	-0.022	6.947	8.156	169.866	8.925	7.319	0.0	5.778	0.0	0.0	0.0	0.0	0.0	186.42913083259603	-0.285	3.401	1.165	0.067	-0.262	-0.219	0.058	-0.074	-0.303	-0.192	-0.825	0.067	1.554	1.265	0.781	33.051	0.408	0.343	0.513	0.299	0.22	NA	0.035	-0.164	0.476	-0.8	171.041	0.0	0.0	0.923	1.785	0.0	0.0	2.56	12.412	6.233	2.401	13.534	20.272	0.0	0.192	12.161	0.03	0.0	0.901	0.165
13	CCN(CC)c1ccc(C=O)cc1	0.0	0.582	10.755	9.024	6.161	5.585	0.344	5.169	16.005	10.001	20.155	7.269	116.266	0.188	2.338	-1.113	-2.192	0.344	-0.72	-0.998	0.317	11.696	-2.192	-0.524	0.352	-0.794	-0.441	0.396	0.423	0.288	0.143	-0.714	-1.035	0.964	1.595	0.0	0.0	0.0	9.137	0.791	0.174	0.031	4.634	0.131	0.027	-0.611	-0.198	0.041	0.04	1.039	1.783	0.042	8.88	1.526	2.356	3.016	1.0	6.444	5.75	0.0	0.0	0.0	0.0	22.133	6.95	0.0	0.0	0.0	1.512	1.718	1.282	0.063	0.339	3.484	3.311	1.595	2.686	0.059	0.0	0.0	0.339	0.795	0.095	0.125	0.648	0.815	0.174	0.582	-0.677	-0.256	0.683	0.015	0.04	-0.579	0.0	0.0	0.0	0.0	0.0	0.0	0.0	0.0	0.0	0.0	0.0	0.0	0.374	7.213	6.732	1.413	6.729	2.755	10.759	2.765	7.993	1.968	1.683	5.495	7.4	4.263	3.215	-0.809	0.724	-2.252	0.0	-0.318	0.747	2.364	0.0	0.0	0.76	3.927	6.884	1.605	0.425	0.0	6.153	5.526	0.0	0.02	-0.056	0.103	-0.247	NA	0.47	0.352	-0.524	0.0	0.0	0.0	0.0	-0.998	-0.72	11.696	0.0	0.507	-0.579	0.976	417.0390709239615	0.0	0.507	-0.183	-0.329	0.717	0.0	0.997	0.0	0.77	0.0	1577.145	0.0	0.0	0.015	-0.269	0.0	0.056	0.984	0.0	0.683	12.891	0.061	0.086	0.081	0.857	0.099	2.106	0.0	7.136	0.0	0.0	0.0	0.0	0.0	0.0	0.0	0.0	0.168	10.436	-0.177	1.361	0.366	5.618	0.0	0.0	0.0	0.0	0.0	11.112	0.0	0.0	0.0	0.0	-0.008	0.116	0.0	0.0	0.0	0.232	1.521	1.191	1.268	2.572	3.153	2.747	-0.079	-0.015	0.017	0.348	-0.094	-0.265	-0.181	0.172	-0.614	3.327	-0.125	-3.435	-0.101	-1.76	-0.368	0.0	-0.262	0.0	0.407	8.652	-0.164	10.227	25.441	33.368	0.296	0.0	31.028	5.06	0.535	0.0	0.295	0.83	-0.355	0.047	-0.637	0.256	-0.679	3.274	0.931	-3.419	-2.593	-1.649	-0.374	23.802	0.0	0.0	2.338	0.0	0.0	0.0	0.0	0.0	0.0	0.0	0.0	6.463	0.5	2.358	0.437	5.241	0.657	1.545	1.449	-0.385	-0.243	1.158	3.408	0.544	10.026	3.835	2.566	0.0	0.049	0.026	0.0	112.653	0.0	0.0	0.0	0.0	0.0	0.0	0.0	0.226	-0.238	0.0	0.0	-0.279	-0.925	-0.032	0.648	0.086	0.845	-0.264	-0.341	0.0	0.0	22.724	4.869	15.386	9.436	20.068	-0.05	0.148	-0.156	-0.072	0.495	0.0	-0.158	-0.002	-0.342	-0.226	0.0	0.0	0.0	0.0	0.0	0.0	0.0	0.0	0.114	0.0	0.0	0.0	0.0	0.0	0.0	0.0	0.0	0.0	0.0	0.0	0.0	0.0	0.0	0.0	0.0	0.0	0.0	0.0	0.0	0.0	0.0	0.0	2.302	-0.256	0.0	0.944	0.0	0.0	0.0	0.0	0.0	0.0	0.0	0.0	1.851	-0.523	0.0	0.0	-0.876	0.714	2.917	46.314	0.836	-2.165	-0.332	0.0	-2.461	0.159	417.0390709239615	0.0	-0.895	24.277	0.215	0.423	0.585	0.253	0.745	-0.513	0.395	0.62	0.64	0.571	-0.426	0.0	0.094	0.0	-0.164	-0.262	0.061	-0.125	-0.265	0.348	0.017	-0.079	0.116	-0.008	0.648	0.125	1.037	0.079	-0.388	0.236	-0.252	1.897	12.173	-0.677	0.0	-0.303	-0.95	-0.051	-0.325	0.129	0.873	-0.308	-0.345	0.0	-0.133	8.862	12.279	230.539	10.107	9.011	0.0	9.121	0.0	0.0	0.0	0.0	0.0	232.1517210872908	-0.311	7.569	1.426	-0.68	-0.352	0.303	0.4	-0.005	0.101	-0.618	-1.032	0.91	1.564	1.457	1.026	46.513	0.181	0.434	0.499	0.434	0.553	NA	-0.069	-0.183	0.524	-1.113	288.636	0.0	0.0	3.59	6.205	1.777	0.389	9.344	6.469	5.371	5.176	16.521	22.765	0.0	0.153	15.349	0.515	0.0	0.31	0.148
16	CC1(C)C2=CCCC(C)(C)[C@]23CC[C@H]1C3	0.0	0.005	30.05	31.459	15.25	8.81	1.051	7.845	27.824	27.953	42.317	30.502	229.528	0.276	2.257	-2.04	-2.448	1.051	-3.212	-0.173	0.999	13.885	-2.448	-0.301	1.045	-1.763	-1.28	0.629	1.665	0.352	-0.387	-2.073	-0.591	2.434	1.168	0.0	0.0	0.0	7.595	0.34	-0.235	0.767	3.832	-0.429	-0.482	-0.192	-0.558	-0.866	-0.181	0.01	0.0	0.0	28.969	2.117	1.325	0.184	1.0	15.25	8.064	0.0	0.0	0.0	0.0	30.809	28.452	0.0	0.0	0.0	1.923	0.0	0.204	0.0	0.0	3.698	5.287	0.653	1.466	0.543	0.0	0.0	0.345	0.691	0.202	0.68	0.097	0.743	-0.235	0.005	-0.78	0.377	1.09	-0.903	-0.181	-0.111	0.0	0.0	0.0	0.0	0.0	0.0	0.0	0.0	0.0	0.0	0.0	0.0	1.043	4.253	3.596	1.845	3.719	11.653	24.457	10.797	8.839	2.986	2.348	15.248	4.221	9.637	9.569	-0.593	0.522	-3.564	0.0	-1.232	0.535	2.956	0.0	0.0	0.539	1.247	0.0	0.0	0.0	0.0	13.447	6.587	0.0	-0.572	-0.594	0.901	-0.294	NA	0.841	1.045	-0.301	0.0	0.0	0.0	0.0	-0.173	-3.212	13.885	0.0	0.463	-0.111	1.634	412.3969179022147	0.0	0.908	0.277	0.222	1.233	0.0	1.655	0.0	1.313	0.0	2848.381	0.0	0.0	-0.903	-0.712	0.0	0.167	0.848	0.0	1.09	15.968	0.011	0.189	0.185	0.434	0.203	8.987	0.0	7.035	0.0	0.0	0.0	0.0	0.0	0.0	0.0	0.0	0.276	22.679	-0.058	1.739	1.182	15.247	0.0	0.0	0.0	0.0	0.0	18.688	0.0	0.0	0.0	0.0	-0.391	-0.023	0.0	0.0	0.0	0.0	0.0	0.126	0.427	1.014	2.851	4.279	0.246	0.045	0.093	-0.247	0.083	-0.035	0.102	1.582	-0.28	3.865	0.212	-4.63	-0.053	-8.211	2.508	0.0	-0.753	0.0	0.313	14.954	0.286	8.092	19.449	30.904	1.037	0.0	28.198	3.479	0.471	0.0	0.319	0.558	-0.425	-0.839	-0.228	1.751	-0.385	3.928	0.151	-4.662	-4.217	-8.848	2.69	16.769	0.0	0.0	2.257	0.0	0.0	0.0	0.0	0.0	0.0	0.0	0.0	15.274	0.413	9.653	0.66	3.079	4.743	2.345	4.951	-1.139	0.297	3.548	2.844	0.078	27.671	7.527	7.663	0.0	0.0	0.0	0.0	146.071	0.0	0.0	0.0	0.0	0.0	0.0	0.0	0.278	-0.787	0.0	0.0	0.308	-1.9	0.042	0.056	0.482	0.492	-0.522	-0.203	0.0	0.0	19.998	7.388	25.641	26.082	40.308	-0.514	0.047	0.143	-0.006	-0.004	0.0	0.009	0.038	-1.031	0.294	0.0	0.0	0.0	0.0	0.0	0.0	0.0	0.0	0.276	0.0	0.0	0.0	0.0	0.0	0.0	0.0	0.0	0.0	0.0	0.0	0.0	0.0	0.0	0.0	0.0	0.0	0.0	0.0	0.0	0.0	0.0	0.0	2.778	0.377	0.471	0.99	0.0	0.0	0.0	0.0	0.0	0.0	0.0	0.0	2.237	-0.135	0.0	0.0	0.754	0.521	2.371	43.524	0.038	-3.293	-4.008	0.0	-3.865	0.276	412.3969179022147	0.0	0.498	16.901	0.278	0.506	0.282	0.316	0.337	-1.444	0.493	0.302	0.308	0.281	-3.689	0.0	0.159	0.0	0.286	-0.753	0.011	0.212	-0.035	-0.247	0.093	0.246	-0.023	-0.391	0.097	0.68	1.551	0.753	0.064	0.301	-0.805	2.257	15.499	-0.78	0.0	0.308	-1.981	0.037	-0.378	0.537	0.52	-0.585	-0.237	0.0	0.044	6.674	9.262	295.815	8.165	6.955	0.0	5.627	0.0	0.0	0.0	0.0	0.0	254.3436030340173	-0.362	3.139	1.49	-1.629	-1.242	0.547	1.612	0.636	-0.448	-1.931	-0.55	2.305	1.098	1.519	1.08	44.43	0.276	0.419	0.542	0.393	0.305	NA	-0.557	0.277	0.534	-2.04	324.116	0.0	0.0	1.406	0.0	0.0	0.0	16.23	14.852	7.319	3.899	14.559	20.375	0.0	0.074	13.343	0.937	0.0	0.396	0.227
17	CCCCCCC(=O)O	0.0	-0.189	6.579	4.918	6.186	4.932	0.399	4.608	5.856	7.018	18.308	9.057	86.989	0.196	1.169	-0.714	-1.011	0.399	-1.416	-0.887	0.547	7.108	-1.011	-0.326	0.112	-0.455	-0.932	1.001	1.017	-0.394	0.092	-1.027	-0.447	1.214	0.824	0.0	0.0	0.0	7.912	0.183	0.247	0.585	4.403	-0.483	0.105	-0.115	-0.373	-0.155	-0.207	0.01	0.003	0.0	5.411	2.051	1.385	0.242	1.0	6.271	4.579	0.0	0.0	0.0	0.0	13.284	8.364	0.0	0.0	0.0	1.228	0.067	0.206	0.0	0.0	1.479	1.65	0.509	0.566	0.287	0.0	0.0	0.378	0.962	0.087	0.325	-0.008	0.852	0.247	-0.189	-0.098	0.199	0.193	-0.13	-0.207	-0.08	0.0	0.0	0.0	0.0	0.0	0.0	0.0	0.0	0.0	0.0	0.0	0.0	0.588	5.489	5.066	1.183	5.103	3.063	7.112	2.339	2.101	1.561	1.592	6.041	5.551	2.17	2.266	-0.22	0.719	-1.549	0.0	0.144	0.75	1.034	0.0	0.0	0.757	1.26	0.411	0.0	0.0	0.0	5.02	2.985	0.0	-0.562	0.054	0.671	0.182	NA	-0.051	0.112	-0.326	0.0	0.0	0.0	0.0	-0.887	-1.416	7.108	0.0	0.568	-0.08	0.669	363.3763968399487	0.0	0.003	0.106	-0.164	0.441	0.0	0.661	0.0	0.473	0.0	925.415	0.0	0.0	-0.13	-0.435	0.0	0.062	0.973	0.0	0.193	11.368	0.073	0.069	0.066	0.246	0.086	1.849	0.0	1.659	0.0	0.0	0.0	0.0	0.0	0.0	0.0	0.0	0.18	6.465	0.006	1.221	0.623	6.055	0.0	0.0	0.0	0.0	0.0	6.161	0.0	0.0	0.0	0.0	-0.05	-0.083	0.0	0.0	0.0	0.0	0.041	0.127	0.413	0.465	1.285	1.577	0.134	-0.009	-0.02	-0.127	0.038	0.016	-0.012	0.648	-0.886	2.013	0.114	-3.579	0.003	-5.645	1.488	0.0	-0.141	0.0	0.438	4.401	-0.03	7.721	17.612	19.027	0.541	0.0	18.08	1.874	0.563	0.0	0.355	0.789	0.085	-0.151	-0.14	0.658	-0.898	1.847	1.227	-3.587	-1.735	-5.929	1.652	25.921	0.0	0.0	1.169	0.0	0.0	0.0	0.0	0.0	0.0	0.0	0.0	6.28	0.322	2.656	0.414	0.518	0.778	1.242	1.997	-0.435	-0.007	0.89	2.532	0.129	6.467	2.071	1.86	0.0	0.0	0.0	0.0	80.471	0.0	0.0	0.0	0.0	0.0	0.0	0.0	0.225	-0.449	0.0	0.0	-0.072	-0.838	-0.073	0.167	0.29	0.445	0.04	-0.289	0.0	0.0	13.049	4.626	5.683	6.723	17.682	-0.175	-0.002	0.032	0.0	0.068	0.0	0.03	0.002	-0.37	-0.001	0.0	0.0	0.0	0.0	0.0	0.0	0.0	0.0	0.149	0.0	0.0	0.0	0.0	0.0	0.0	0.0	0.0	0.0	0.0	0.0	0.0	0.0	0.0	0.0	0.0	0.0	0.0	0.0	0.0	0.0	0.0	0.0	0.982	0.199	0.242	1.061	0.0	0.0	0.0	0.0	0.0	0.0	0.0	0.0	1.501	-0.014	0.0	0.0	-0.188	0.718	2.541	26.343	1.03	-1.362	-1.864	0.0	-1.732	0.177	363.3763968399487	0.0	-0.368	24.848	0.189	0.427	0.578	0.218	0.684	-0.053	0.437	0.625	0.636	0.577	-1.572	0.0	0.165	0.0	-0.03	-0.141	0.073	0.114	0.016	-0.127	-0.02	0.134	-0.083	-0.05	-0.008	0.325	1.024	0.034	-0.204	0.272	-0.512	1.496	9.822	-0.098	0.0	-0.073	-0.948	-0.079	-0.171	0.294	0.486	0.05	-0.341	0.0	0.022	6.69	8.336	164.359	7.646	6.804	0.0	6.894	0.0	0.0	0.0	0.0	0.0	189.12898283416757	-0.181	5.443	1.621	-0.338	-0.98	0.995	0.916	-0.032	0.091	-0.994	-0.43	1.127	0.755	1.596	1.122	25.898	0.194	0.526	0.606	0.517	0.596	NA	-0.211	0.106	0.616	-0.714	120.732	0.0	0.0	1.421	0.463	0.0	0.0	3.962	4.731	2.633	1.746	9.26	12.827	0.0	0.026	8.747	0.427	0.0	-0.304	0.201
18	CCCCC(=O)c1ccc(N)cc1	0.0	0.192	10.756	9.451	6.202	5.087	0.529	5.927	8.513	9.433	18.561	12.241	112.881	0.134	1.967	-0.799	-2.107	0.529	-1.426	-0.451	0.371	11.575	-2.107	-0.763	0.132	-0.607	-0.797	0.387	0.626	0.336	0.08	-0.967	-0.816	0.929	1.353	0.0	0.0	0.0	10.912	0.595	0.422	-0.004	5.781	-0.253	0.377	-0.544	-0.277	0.113	-0.118	0.595	0.426	1.174	9.582	2.566	1.306	0.796	1.0	6.317	4.779	0.0	0.0	0.05	0.11	21.409	11.297	0.0	0.0	0.0	1.365	1.071	2.495	0.645	0.788	2.068	4.225	1.436	2.543	0.083	0.459	0.562	0.3	0.727	0.032	0.124	0.516	0.914	0.422	0.192	-0.548	-0.375	0.624	0.146	-0.118	-0.465	0.0	0.0	0.0	0.0	0.0	0.0	0.0	0.0	0.0	0.0	0.0	0.0	0.41	10.422	8.98	1.336	9.208	4.061	10.393	3.167	2.068	2.017	1.878	5.948	10.309	3.764	3.603	-0.349	0.829	-2.415	0.0	0.014	0.848	2.252	3.037	1.328	0.85	7.2	3.601	2.113	2.969	0.0	4.202	7.961	0.0	-0.368	0.321	0.097	-0.204	NA	0.403	0.132	-0.763	0.0	0.0	0.0	0.0	-0.451	-1.426	11.575	0.0	0.481	-0.465	0.4	424.0345377211012	0.0	0.443	-0.132	-0.595	0.25	0.0	0.417	0.0	0.284	0.0	1717.256	0.0	0.0	0.146	-0.336	0.0	0.013	0.985	0.0	0.624	16.467	0.034	0.026	0.024	0.655	0.033	2.665	0.0	1.527	0.0	0.0	0.0	0.0	0.0	0.0	0.0	0.0	0.126	9.963	-0.102	1.469	0.45	5.991	0.458	0.846	0.0	0.0	0.0	9.7	0.0	0.0	0.0	0.0	0.215	0.033	0.363	0.367	0.0	0.798	0.845	1.969	1.41	1.984	1.849	3.743	-0.14	-0.04	-0.07	0.433	0.017	-0.103	-0.268	-0.109	-0.649	3.571	-0.041	-3.409	-0.075	-4.124	1.762	0.0	-0.085	0.0	0.454	8.022	-0.233	12.443	24.835	29.995	0.375	0.0	28.151	3.772	0.455	0.0	0.287	0.834	-0.3	0.104	-0.574	-0.093	-0.659	3.583	1.434	-3.265	-2.709	-4.411	1.704	32.191	0.0	0.0	1.967	0.003	0.006	0.0	0.0	0.0	0.0	0.0	0.0	6.331	0.409	3.29	0.522	0.524	2.05	1.619	1.611	-0.302	-0.221	1.663	3.577	0.538	10.202	3.351	3.001	0.0	0.473	0.127	0.0	122.661	0.0	0.0	0.0	0.0	0.0	0.0	0.0	0.068	0.035	0.0	0.0	-0.144	-0.755	-0.285	1.732	0.276	0.878	-0.177	-0.478	0.0	0.0	22.688	5.835	7.797	9.639	18.565	0.127	0.014	-0.228	-0.069	0.497	0.0	-0.087	-0.019	-0.24	-0.224	0.0	0.0	0.0	0.0	0.0	0.0	0.0	0.0	0.153	0.0	0.0	0.0	0.406	0.75	0.0	0.0	0.0	0.0	0.0	0.0	0.0	0.0	0.123	0.066	0.0	0.0	0.0	0.0	0.0	0.0	0.0	0.0	2.134	-0.375	0.029	0.802	0.0	0.0	0.0	0.0	0.0	0.0	0.076	0.041	1.733	-0.087	0.0	0.0	-0.17	0.832	3.077	42.284	1.319	-2.338	-1.766	0.0	-2.621	0.126	424.0345377211012	0.0	-0.281	30.94	0.1	0.278	0.743	0.128	0.751	-0.195	0.256	0.772	0.775	0.748	-1.583	0.0	0.026	0.0	-0.233	-0.085	0.034	-0.041	-0.103	0.433	-0.07	-0.14	0.033	0.215	0.516	0.124	1.496	-0.145	-0.629	0.082	0.013	1.684	14.919	-0.548	0.0	-0.127	-0.839	-0.293	-0.193	0.293	0.896	-0.18	-0.506	0.0	-0.015	10.567	13.468	251.556	12.522	10.857	0.0	9.795	0.0	0.0	0.0	0.0	0.0	228.6931207910028	-0.188	8.17	1.283	-0.529	-0.723	0.294	0.544	-0.219	0.075	-0.909	-0.815	0.867	1.355	1.291	0.864	42.426	0.139	0.436	0.558	0.415	0.343	NA	0.109	-0.132	0.546	-0.799	302.647	3.398	1.375	7.482	3.962	2.064	3.162	8.454	4.247	8.58	3.6	15.571	22.592	0.0	0.015	14.58	0.129	0.0	0.389	0.358
19	COP(=O)(OC)OC(Br)C(Br)(Br)Br	0.0	-0.237	4.82	6.126	2.678	8.765	2.031	1.884	7.207	6.723	6.544	4.326	59.816	0.237	-2.404	1.767	3.687	2.031	-7.055	-1.787	0.222	-11.489	3.687	1.03	-3.335	0.193	-0.283	-0.004	0.416	0.164	-0.131	-0.268	-0.126	0.323	0.432	0.0	0.0	0.0	8.555	0.013	3.822	0.086	5.928	-0.015	0.272	0.041	0.02	-0.174	-0.196	2.211	0.555	0.414	6.987	14.633	7.255	8.642	1.0	3.14	10.625	0.0	0.0	0.0	0.0	88.774	5.444	0.0	0.0	0.0	1.553	0.654	1.599	0.0	0.488	3.696	3.485	0.337	3.656	0.313	0.0	0.0	0.258	2.762	0.11	-0.815	0.296	0.838	3.822	-0.237	-1.767	-1.147	1.224	0.035	-0.196	0.995	0.0	0.0	0.0	0.0	0.0	0.0	0.0	0.0	0.0	0.0	0.0	0.0	0.227	5.887	7.24	1.576	7.341	4.41	6.91	6.186	3.097	0.717	5.694	2.218	5.835	3.77	2.313	0.677	0.663	0.096	0.0	0.614	0.724	-0.599	0.0	0.0	0.722	2.389	1.094	0.817	0.0	0.0	4.529	4.519	0.0	-0.023	0.386	0.142	-0.308	NA	0.22	-3.335	1.03	0.0	0.0	0.0	0.0	-1.787	-7.055	-11.489	0.0	0.421	0.995	0.971	446.1789012672905	0.0	0.269	0.798	0.393	1.211	0.0	0.897	0.0	1.249	0.0	756.317	0.0	0.0	0.035	0.03	0.0	0.094	0.962	0.0	1.224	5.418	0.38	0.123	0.121	-0.026	0.101	4.239	0.0	2.276	0.0	0.0	0.0	0.0	0.0	0.0	0.0	0.0	0.153	3.914	-0.344	4.623	0.197	1.91	0.0	0.0	0.0	0.0	0.0	8.067	0.0	0.0	0.0	0.0	-0.318	-0.271	0.0	0.0	0.0	0.306	0.41	1.051	0.228	2.605	2.96	2.724	-0.237	0.298	0.4	0.054	0.009	-0.498	-0.169	0.294	-1.194	-0.654	-0.731	-0.214	0.041	-2.382	-1.795	0.0	-0.041	0.0	0.544	6.088	1.048	8.797	66.491	46.895	0.119	0.0	45.942	0.61	0.468	0.0	0.267	0.751	-0.253	-0.154	0.033	0.501	-1.136	-0.409	1.378	-0.113	-0.043	-1.341	-2.021	11.697	0.0	0.0	-2.404	0.0	0.0	0.0	0.0	0.0	0.0	0.0	0.0	5.483	18.497	3.27	0.158	17.685	30.86	0.563	38.316	0.097	-0.071	19.325	15.746	-0.017	5.538	2.994	1.726	0.0	0.0	0.0	0.0	75.632	0.0	0.0	0.0	0.0	0.0	0.0	0.0	0.108	0.099	0.0	0.0	-0.258	-0.18	0.298	0.297	0.201	-0.001	-0.38	-0.247	0.0	0.0	19.214	1.774	8.065	8.231	6.814	-0.06	-0.028	-0.135	0.012	0.004	0.0	-0.276	0.201	0.088	-0.043	0.0	0.0	0.0	0.0	0.0	0.0	0.0	0.0	0.155	0.0	0.0	0.0	0.0	0.0	0.0	0.0	0.0	0.0	0.0	0.0	0.0	0.0	0.0	0.0	0.0	0.0	0.0	0.0	0.0	0.0	0.0	0.0	-0.502	-1.147	0.216	1.548	0.0	0.0	0.0	0.0	0.0	0.0	0.0	0.0	1.991	0.59	0.0	0.0	-0.82	0.662	2.731	39.288	1.596	-0.071	-2.028	0.0	0.364	0.157	446.1789012672905	0.0	-0.73	12.624	0.443	0.244	0.495	0.471	0.627	0.595	0.286	0.586	0.583	0.493	-1.549	0.0	0.148	0.0	1.048	-0.041	0.38	-0.731	-0.498	0.054	0.4	-0.237	-0.271	-0.318	0.296	-0.815	1.95	-0.545	0.144	0.113	0.092	2.105	4.715	-1.767	0.0	-0.265	-0.215	0.283	-0.202	0.209	0.02	-0.396	-0.214	0.0	0.037	10.027	31.996	154.703	8.889	10.143	0.0	12.601	0.0	0.0	0.0	0.0	0.0	255.41531024389977	-0.226	9.464	1.245	0.54	-0.427	-0.09	0.365	-0.845	-0.139	-0.197	-0.115	0.174	0.535	1.258	1.592	39.564	0.226	0.863	0.546	0.838	1.451	NA	-0.065	0.798	0.538	1.767	290.699	0.0	0.0	2.156	0.992	0.74	0.0	5.565	4.305	4.037	0.585	22.511	19.56	0.0	-0.067	22.091	1.186	0.0	0.181	1.163
20	CC(Cl)(Cl)C(=O)O	0.0	0.248	1.121	0.0	2.232	1.019	1.875	1.89	6.275	3.502	5.278	3.611	23.597	0.322	-0.863	0.286	-1.781	1.875	-2.928	0.614	-0.008	10.15	-1.781	-0.036	-0.066	-0.276	-0.014	0.009	0.287	-0.134	0.235	-0.312	-0.176	0.218	0.239	0.0	0.0	0.0	4.502	0.082	-0.145	0.083	2.897	-0.039	0.019	-0.037	-0.154	0.094	-0.026	0.0	0.0	0.0	0.0	0.0	0.0	0.0	1.0	2.327	0.965	0.0	0.0	0.0	0.0	14.851	4.35	0.0	0.0	0.0	1.139	0.0	0.0	0.0	0.0	0.0	0.0	0.0	0.0	-0.008	0.0	0.0	0.377	1.745	0.186	0.203	0.053	0.521	-0.145	0.248	0.026	-0.199	-0.019	0.21	-0.026	-0.245	0.0	0.0	0.0	0.0	0.0	0.0	0.0	0.0	0.0	0.0	0.0	0.0	0.038	1.833	1.431	1.135	1.479	1.855	2.974	0.973	2.157	0.515	0.394	2.073	1.853	0.0	0.492	0.436	0.491	-0.715	0.0	-0.086	0.431	0.015	0.0	0.0	0.432	0.0	0.0	0.0	0.0	0.0	0.0	0.0	0.0	-0.067	0.009	0.094	0.02	NA	-0.05	-0.066	-0.036	0.0	0.0	0.0	0.0	0.614	-2.928	10.15	0.0	0.535	-0.245	0.702	282.5042093354222	0.0	-0.026	-0.261	0.24	0.745	0.0	0.644	0.0	0.817	0.0	147.935	0.0	0.0	0.21	-0.193	0.0	0.245	0.68	0.0	-0.019	6.479	-0.218	0.238	0.225	0.099	0.176	0.833	0.0	1.679	0.0	0.0	0.0	0.0	0.0	0.0	0.0	0.0	0.332	2.683	0.133	0.309	0.131	2.09	0.0	0.0	0.0	0.0	0.0	4.062	0.0	0.0	0.0	0.0	-0.234	0.312	0.0	0.0	0.0	0.0	0.0	0.0	0.0	0.0	0.0	0.0	0.218	-0.077	-0.031	0.043	-0.049	-0.121	0.131	0.519	-0.333	0.403	0.327	-1.245	-0.076	-0.654	-0.476	0.0	-0.122	0.0	0.513	0.0	-0.117	3.776	11.72	8.635	0.111	0.0	8.057	0.0	0.497	0.0	0.509	0.449	-0.018	0.128	-0.043	0.535	-0.333	0.376	0.08	-0.978	-0.196	-0.568	-0.581	11.364	0.0	0.0	-0.863	0.0	0.0	0.0	0.0	0.0	0.0	0.0	0.0	2.334	0.14	1.574	0.188	2.66	4.103	0.421	5.965	-0.139	-0.056	0.262	0.0	0.023	1.344	0.0	0.317	0.0	0.0	0.0	0.0	26.897	0.0	0.0	0.0	0.0	0.0	0.0	0.0	0.105	-0.077	0.0	0.0	-0.059	-0.186	-0.161	0.0	-0.044	0.066	-0.165	0.213	0.0	0.0	4.42	2.085	7.524	4.443	6.02	-0.076	0.072	0.123	-0.06	0.01	0.0	0.106	-0.059	-0.131	-0.028	0.0	0.0	0.0	0.0	0.0	0.0	0.0	0.0	0.306	0.0	0.0	0.0	0.0	0.0	0.0	0.0	0.0	0.0	0.0	0.0	0.0	0.0	0.0	0.0	0.0	0.0	0.0	0.0	0.0	0.0	0.0	0.0	0.087	-0.199	-0.012	1.301	0.0	0.0	0.0	0.0	0.0	0.0	0.0	0.0	1.221	0.4	0.0	0.0	-0.105	0.502	1.824	9.783	0.084	-0.656	-1.065	0.0	-0.097	0.343	282.5042093354222	0.0	-0.167	12.207	0.395	0.257	0.236	0.508	0.173	-0.116	0.29	0.146	0.162	0.253	-0.861	0.0	0.331	0.0	-0.117	-0.122	-0.218	0.327	-0.121	0.043	-0.031	0.218	0.312	-0.234	0.053	0.203	1.25	-0.122	0.157	0.098	-0.074	1.175	5.758	0.026	0.0	-0.07	-0.206	-0.137	0.124	-0.024	0.07	-0.169	0.18	0.0	-0.049	3.311	5.36	54.588	3.652	3.435	0.0	4.077	0.0	0.0	0.0	0.0	0.0	135.90471307266273	0.136	1.829	1.481	-0.282	0.026	-0.028	0.278	-0.178	0.289	-0.309	-0.194	0.189	0.241	1.391	1.3	9.128	0.323	0.415	0.637	0.397	0.683	NA	-0.084	-0.261	0.656	0.286	52.636	0.0	0.0	0.0	0.0	0.0	0.0	0.0	0.0	0.0	0.0	3.824	4.09	0.0	0.09	3.536	0.999	0.0	-0.15	0.731
21	CCC(CC)C(=O)OCCOCCOCCOC(=O)C(CC)CC	0.0	0.795	44.732	34.208	14.445	18.362	0.612	9.76	16.05	31.516	41.388	28.931	348.994	0.055	3.308	-1.132	-4.659	0.612	-2.628	0.225	0.921	21.929	-4.659	-1.829	1.036	-0.708	-2.058	1.749	2.176	-0.274	-0.875	-1.459	-1.422	2.154	2.512	0.0	0.0	0.0	17.324	0.569	0.296	0.988	8.764	-0.809	0.1	-0.285	-0.66	-0.489	-0.396	4.535	2.457	5.635	33.092	2.596	5.316	6.445	1.0	14.982	20.144	0.0	0.0	3.91	5.261	49.546	30.4	0.0	0.0	0.0	1.606	4.274	5.979	7.801	7.517	6.183	5.646	4.55	7.19	0.66	6.864	6.281	0.311	0.747	0.044	0.22	0.348	0.813	0.296	0.795	-1.312	-0.073	0.523	0.0	-0.396	-0.136	0.0	0.0	0.0	0.0	0.0	0.0	0.0	0.0	0.0	8.234	0.0	0.0	1.088	30.72	29.833	1.522	30.347	10.254	18.266	8.948	5.788	3.716	4.478	13.539	30.02	10.458	16.064	-1.25	0.901	-4.159	0.0	0.767	0.913	2.468	16.909	21.579	0.916	18.799	16.505	19.427	21.185	0.0	24.268	26.613	0.0	-1.112	0.002	1.213	-0.061	NA	0.101	1.036	-1.829	0.0	0.0	0.0	0.0	0.225	-2.628	21.929	2.926	0.401	-0.136	1.473	701.2469951094054	0.0	0.179	0.163	-0.782	1.212	0.0	1.518	2.523	1.284	0.0	11955.132	0.0	0.0	0.0	-0.77	0.0	0.033	0.997	0.0	0.523	25.98	-0.294	0.039	0.037	0.714	0.045	7.006	0.0	5.311	0.0	0.0	0.0	0.0	0.0	0.0	0.0	0.0	0.048	17.104	-0.136	3.628	1.093	13.633	12.221	16.336	6.448	9.412	10.434	18.466	12.607	17.502	9.141	15.218	-0.303	0.114	5.857	5.369	0.0	6.536	3.608	5.223	3.966	6.147	5.079	4.647	0.374	-0.11	-0.069	0.247	-0.01	-0.233	0.107	-1.397	-1.709	3.292	0.069	-8.532	-0.182	-14.118	6.837	10.867	-0.421	0.0	0.389	18.844	0.062	33.304	110.729	185.619	0.897	0.0	171.022	16.187	0.425	0.0	0.279	0.926	-0.337	-0.571	-0.375	-0.873	-1.682	2.926	4.431	-8.097	-5.238	-14.038	6.784	56.769	0.624	2.099	3.308	3.297	3.795	1.721	3.036	3.378	2.937	1.828	4.942	15.006	1.659	9.583	0.826	7.286	2.864	2.918	13.179	-0.987	-0.024	9.679	4.46	0.453	43.988	8.462	13.674	0.0	6.58	5.104	0.0	412.246	0.0	0.0	0.0	0.0	0.0	0.0	0.0	0.939	-0.866	0.0	0.0	-0.417	-2.205	-0.229	4.893	0.628	0.997	-1.011	-0.213	0.0	0.0	101.271	9.194	17.333	31.005	42.513	-0.405	0.055	0.167	-0.12	0.355	0.0	-0.068	-0.125	-0.834	-0.002	0.0	0.0	0.0	0.0	0.0	0.0	0.0	0.0	0.041	0.0	0.0	7.565	12.79	16.636	6.703	9.865	10.416	11.327	11.644	16.948	8.422	14.068	4.165	3.213	2.845	1.807	3.992	4.223	7.944	4.292	5.181	2.724	2.442	-0.073	0.549	1.098	7.04	3.513	3.511	3.756	2.516	1.556	3.495	2.769	1.812	-0.709	4.219	2.082	1.625	0.901	5.294	214.679	4.283	-3.867	-3.617	0.0	-4.937	0.047	701.2469951094054	0.0	1.171	56.783	0.223	0.355	0.852	0.25	0.889	0.299	0.336	0.87	0.874	0.851	-3.095	0.0	0.131	0.0	0.062	-0.421	-0.294	0.069	-0.233	0.247	-0.069	0.374	0.114	-0.303	0.348	0.22	1.161	0.342	-0.888	0.895	-0.934	1.868	23.279	-1.312	0.0	-0.335	-2.388	-0.15	-0.387	0.644	1.006	-1.021	-0.248	0.0	-0.063	32.567	55.03	845.185	34.106	33.237	0.0	28.045	0.0	0.0	0.0	0.0	0.0	439.8882014380351	-0.318	25.966	1.341	-0.211	-1.828	1.46	1.994	0.156	-0.796	-1.344	-1.338	1.809	2.481	1.412	1.178	228.081	0.054	0.617	0.632	0.596	0.452	NA	-0.454	0.163	0.604	-1.132	1816.896	17.373	21.973	18.181	15.747	20.176	21.821	19.183	24.479	25.309	15.584	89.78	106.858	0.0	0.092	83.413	0.917	1.798	-0.207	0.164
22	COc1ccc(C(OC)C2CCCCC2N2CCCCC2)cc1	0.0	0.281	43.678	48.073	15.352	21.254	1.294	8.88	30.987	52.501	35.712	33.933	360.552	0.289	3.701	-2.291	-4.333	1.294	-2.987	-1.409	0.596	14.73	-4.333	-1.012	0.921	-1.229	-2.266	1.089	2.084	-0.121	-1.42	-1.631	-1.487	1.751	2.5	0.0	0.0	0.0	11.516	1.04	0.548	0.638	6.93	-0.668	0.048	-0.684	-0.595	-0.761	-0.27	3.236	1.546	1.742	46.895	9.784	6.347	5.47	1.0	16.006	21.82	0.0	0.0	0.404	0.883	51.173	32.454	0.0	0.0	0.0	3.819	3.623	7.538	5.819	2.331	14.188	14.006	8.976	10.567	0.326	2.253	1.662	0.356	0.695	0.141	0.198	1.001	0.636	0.548	0.281	-1.771	-0.09	1.266	-0.501	-0.27	-0.722	0.0	0.0	0.0	0.0	0.0	0.0	0.0	0.0	0.0	0.0	0.0	0.0	0.699	8.486	7.788	3.678	7.901	13.374	22.529	16.355	11.764	3.381	5.903	14.102	8.497	20.387	16.089	-1.19	0.574	-4.217	0.0	-0.264	0.586	3.225	7.746	6.409	0.593	21.904	15.65	9.308	12.44	0.0	38.322	32.305	0.0	-0.921	-0.123	0.834	-0.585	NA	0.6	0.921	-1.012	0.0	0.0	0.0	0.0	-1.409	-2.987	14.73	0.0	0.424	-0.722	2.081	582.8730697131831	0.0	0.731	-0.066	-0.727	1.672	0.0	2.114	0.0	1.76	0.0	7241.517	0.0	0.0	-0.501	-0.731	0.0	0.112	0.91	0.0	1.266	17.008	0.116	0.131	0.127	1.139	0.142	13.37	0.0	9.98	0.0	0.0	0.0	0.0	0.0	0.0	0.0	0.0	0.283	21.878	-0.095	4.709	0.782	14.273	1.571	2.709	0.0	3.351	0.0	22.433	0.0	0.0	0.0	0.0	0.067	-0.02	1.818	1.237	0.0	1.909	2.839	6.15	7.433	8.778	11.768	12.362	-0.206	0.119	-0.149	0.374	0.059	-0.185	-0.298	-1.112	-0.365	4.166	-0.156	-5.283	-0.332	-6.309	-0.728	0.0	-0.646	0.0	0.358	31.452	-0.1	14.805	82.018	117.402	0.64	0.0	108.821	28.952	0.441	0.0	0.331	0.633	-0.848	-0.839	-0.72	-0.964	-0.461	3.946	3.154	-5.196	-6.365	-5.85	-0.722	33.014	0.0	0.0	3.701	0.02	0.124	0.0	0.024	0.0	0.0	0.0	0.0	16.04	1.729	11.529	0.747	6.376	8.168	2.654	7.947	-0.937	-0.188	11.094	12.598	0.552	42.525	17.937	14.14	0.0	5.246	4.395	0.0	268.204	0.0	0.0	0.0	0.0	0.0	0.0	0.0	0.295	-0.067	0.0	0.0	-0.951	-1.819	0.464	6.136	0.506	0.924	-0.834	-0.793	0.0	0.0	62.393	8.364	29.425	49.584	35.757	-0.033	0.012	-0.251	-0.28	0.484	0.0	-0.093	0.101	-0.838	-0.14	0.0	0.0	0.0	0.0	0.0	0.0	0.0	0.0	0.255	0.0	0.0	0.0	1.4	2.477	0.0	2.973	0.0	0.0	0.0	0.0	0.0	0.0	0.713	0.256	0.486	0.0	0.0	0.0	0.0	0.0	0.0	0.0	3.218	-0.09	0.243	0.899	0.0	0.0	0.0	0.0	0.299	0.0	0.526	0.166	4.227	-0.546	0.0	0.0	-1.186	0.569	3.458	151.93	2.803	-4.088	-2.612	0.0	-5.956	0.28	582.8730697131831	0.0	-1.2	33.62	0.267	0.436	0.361	0.297	0.449	-0.746	0.424	0.379	0.389	0.354	-2.643	0.0	0.176	0.0	-0.1	-0.646	0.116	-0.156	-0.185	0.374	-0.149	-0.206	-0.02	0.067	1.001	0.198	3.078	0.464	-0.753	0.341	-0.128	4.306	15.718	-1.771	0.0	-0.909	-1.886	0.499	-0.027	0.55	0.934	-0.859	-0.739	0.0	0.001	13.137	38.058	550.304	14.906	13.48	0.0	12.078	0.0	0.0	0.0	0.0	0.0	381.4601452452466	-0.002	7.645	1.2	-0.814	-2.173	0.746	2.008	0.327	-1.449	-1.464	-1.502	1.586	2.522	1.229	0.962	155.748	0.286	0.309	0.352	0.301	0.29	NA	-0.055	-0.066	0.352	-2.291	1124.498	7.879	6.956	23.602	16.137	9.239	12.765	32.751	40.25	33.18	30.082	50.805	63.585	0.0	0.037	47.806	1.355	0.0	0.057	0.229
23	c1ccc(OP(Oc2ccccc2)Oc2ccccc2)cc1	0.0	1.508	14.611	10.896	4.954	5.266	2.065	7.76	13.557	7.068	18.727	1.773	160.156	0.431	2.335	-1.112	-2.708	2.065	-3.56	-2.749	0.955	21.425	-2.708	-1.413	0.836	0.188	-0.995	0.62	-0.09	0.819	0.433	-0.191	-1.359	-0.094	2.452	0.0	0.0	0.0	11.869	1.543	-0.428	-0.944	6.386	0.404	0.468	-0.941	0.196	0.293	0.838	2.954	5.748	2.675	11.368	8.005	9.15	7.516	1.0	5.146	4.961	0.0	0.0	0.32	0.782	47.312	2.12	0.0	0.0	0.0	7.331	8.771	6.102	6.983	5.128	9.349	7.592	8.717	9.088	0.574	3.534	0.887	0.375	0.766	0.023	-0.882	1.709	0.842	-0.428	1.508	-0.389	-1.653	1.304	0.154	0.838	-1.254	0.0	0.0	0.0	0.0	0.0	0.0	0.0	0.0	0.0	0.0	0.0	0.0	0.999	10.387	9.458	7.372	9.399	2.139	8.666	4.389	8.536	2.954	2.007	4.638	10.081	5.498	6.287	-0.647	0.546	-2.804	0.0	-0.366	0.551	3.681	2.543	9.862	0.551	12.831	15.921	11.444	12.1	0.0	18.849	15.794	0.0	0.253	0.267	-0.832	-0.095	NA	0.898	0.836	-1.413	0.0	0.0	0.0	0.0	-2.749	-3.56	21.425	0.0	0.439	-1.254	0.422	580.2263608405798	0.0	1.053	0.473	-1.324	0.32	0.0	0.416	0.0	0.333	0.0	3786.373	0.0	0.0	0.154	0.27	0.0	0.023	0.884	0.0	1.304	25.262	-0.036	0.02	0.019	1.655	0.022	3.426	0.0	6.082	0.0	0.0	0.0	0.0	0.0	0.0	0.0	0.0	0.43	7.847	-0.904	1.575	-0.456	4.667	2.39	3.144	0.18	0.042	0.0	8.159	0.0	0.0	0.0	0.0	0.04	0.251	2.734	0.709	0.0	4.39	7.883	5.213	8.142	8.174	8.527	6.871	-0.45	-0.189	-0.097	0.49	0.431	0.241	-0.625	-1.104	0.235	6.318	-0.539	-3.502	-0.094	-1.813	-2.837	0.0	-0.011	0.0	0.415	12.964	-0.39	18.447	78.573	114.473	-0.572	0.0	114.574	15.157	0.465	0.0	0.379	0.547	-0.318	0.273	-1.051	-0.913	0.164	6.458	-0.181	-3.37	-4.684	-1.648	-2.887	38.095	0.0	0.0	2.335	0.049	0.066	0.001	0.0	0.0	0.0	0.0	0.0	5.183	0.456	1.331	0.652	9.051	6.368	2.319	3.526	-0.279	-0.022	7.23	7.465	0.695	16.377	4.386	5.872	0.0	6.367	4.917	0.0	204.669	0.0	0.0	0.0	0.0	0.0	0.0	0.0	0.033	-0.198	0.0	0.0	0.274	-0.772	-0.538	6.779	0.727	1.273	0.165	-1.051	0.0	0.0	87.683	7.308	13.98	7.89	18.317	0.119	0.139	-0.647	-0.056	0.728	0.0	-0.766	-0.183	-0.174	-0.122	0.0	0.0	0.0	0.0	0.0	0.0	0.0	0.0	0.43	0.0	0.0	0.0	2.143	2.821	0.159	0.038	0.0	0.0	0.0	0.0	0.0	0.0	0.591	0.445	0.006	0.026	0.0	0.0	0.0	0.0	0.0	0.0	3.649	-1.653	0.413	1.054	0.0	0.0	0.0	0.0	0.004	0.016	0.401	0.301	7.944	-0.257	0.0	0.0	-2.249	0.547	3.726	139.888	-0.272	-3.083	-2.088	0.0	-4.092	0.43	580.2263608405798	0.0	-1.979	36.584	0.26	0.448	0.466	0.283	0.465	-0.595	0.46	0.471	0.472	0.467	-1.916	0.0	0.247	0.0	-0.39	-0.011	-0.036	-0.539	0.241	0.49	-0.097	-0.45	0.251	0.04	1.709	-0.882	5.978	0.273	-1.425	-0.033	-0.208	8.17	24.98	-0.389	0.0	0.378	-0.879	-0.544	-1.461	0.745	1.279	0.129	-1.008	0.0	0.321	17.15	49.865	417.354	18.973	17.063	0.0	13.905	0.0	0.0	0.0	0.0	0.0	335.2581178446843	-1.355	7.601	1.37	0.251	-0.772	0.487	-0.279	0.322	0.391	-0.104	-1.338	-0.251	2.428	1.413	1.068	146.824	0.431	0.41	0.5	0.415	0.269	NA	0.096	0.473	0.471	-1.112	1167.347	2.759	10.602	13.475	16.767	12.224	12.72	12.173	18.68	15.578	15.169	74.474	92.575	0.0	0.056	75.109	0.326	0.0	0.991	0.25
24	CC(CO)CCO	0.0	-0.031	4.029	3.503	4.656	8.747	0.475	4.708	6.981	2.407	15.219	5.976	66.409	0.289	0.821	-0.539	-1.135	0.475	-0.571	-0.339	0.162	6.712	-1.135	-0.307	0.326	-0.54	-0.643	0.361	0.824	0.187	-0.402	-0.423	-0.538	0.909	0.483	0.0	0.0	0.0	5.887	0.128	0.112	0.3	3.333	-0.284	-0.008	-0.123	-0.188	-0.241	-0.072	0.0	0.0	0.0	3.648	0.008	0.002	0.0	1.0	4.889	9.286	0.0	0.0	0.0	0.0	10.136	5.531	0.0	0.0	0.0	1.21	0.0	0.0	0.0	0.0	0.041	0.153	0.0	0.0	0.145	0.0	0.0	0.314	0.761	0.124	0.183	0.132	0.722	0.112	-0.031	-0.329	0.064	0.407	-0.216	-0.072	-0.13	0.0	0.0	0.0	0.0	0.0	0.0	0.0	0.0	0.0	0.0	0.0	0.0	0.226	2.971	2.525	1.15	2.578	1.245	5.814	0.685	1.71	1.379	2.116	4.267	3.011	0.56	0.857	-0.356	0.591	-1.098	0.0	0.091	0.604	0.737	0.0	0.0	0.613	0.0	0.0	0.0	0.0	0.0	0.252	0.0	0.0	-0.341	-0.057	0.36	0.029	NA	0.196	0.326	-0.307	0.0	0.0	0.0	0.0	-0.339	-0.571	6.712	0.0	0.457	-0.13	0.634	303.08770474158416	0.0	0.222	0.017	-0.018	0.447	0.0	0.643	0.0	0.483	0.0	523.56	0.0	0.0	-0.216	-0.228	0.0	0.081	0.933	0.0	0.407	10.392	0.008	0.113	0.108	0.152	0.127	0.521	0.0	1.33	0.0	0.0	0.0	0.0	0.0	0.0	0.0	0.0	0.283	5.197	-0.043	1.68	0.428	4.307	0.0	0.0	0.0	0.0	0.0	4.552	0.0	0.0	0.0	0.0	-0.102	0.055	0.0	0.0	0.0	0.0	0.0	0.0	0.0	0.0	0.025	0.094	0.002	0.008	0.078	0.082	-0.07	-0.098	0.041	0.484	-0.38	1.38	-0.001	-1.893	-0.047	-3.836	1.118	0.0	-0.208	0.0	0.419	0.936	0.034	5.096	8.716	10.731	0.361	0.0	9.965	0.0	0.463	0.0	0.286	0.678	-0.045	-0.257	-0.144	0.511	-0.405	1.304	1.047	-1.765	-2.273	-4.195	1.037	23.967	0.0	0.0	0.821	0.0	0.0	0.0	0.0	0.0	0.0	0.0	0.0	4.9	0.696	0.949	0.451	0.791	0.164	1.117	0.756	-0.339	0.032	1.996	0.184	0.158	4.995	0.416	0.775	0.0	0.0	0.0	0.0	55.112	0.0	0.0	0.0	0.0	0.0	0.0	0.0	0.325	-0.233	0.0	0.0	0.017	-0.633	-0.03	0.0	-0.021	0.358	-0.157	-0.034	0.0	0.0	7.197	5.047	6.801	2.224	14.801	-0.155	0.096	0.045	-0.02	0.119	0.0	-0.02	0.007	-0.297	0.033	0.0	0.0	0.0	0.0	0.0	0.0	0.0	0.0	0.241	0.0	0.0	0.0	0.0	0.0	0.0	0.0	0.0	0.0	0.0	0.0	0.0	0.0	0.0	0.0	0.0	0.0	0.0	0.0	0.0	0.0	0.0	0.0	0.694	0.064	0.117	0.874	0.0	0.0	0.0	0.0	0.0	0.0	0.0	0.0	1.451	-0.156	0.0	0.0	-0.006	0.585	1.99	15.061	0.977	-1.028	-1.237	0.0	-2.303	0.279	303.08770474158416	0.0	-0.096	23.664	0.202	0.415	0.386	0.233	0.517	-0.049	0.409	0.405	0.419	0.377	-1.021	0.0	0.101	0.0	0.034	-0.208	0.008	-0.001	-0.098	0.082	0.078	0.002	0.055	-0.102	0.132	0.183	0.968	0.081	-0.063	0.316	-0.234	1.466	9.115	-0.329	0.0	0.041	-0.713	-0.021	-0.169	-0.016	0.402	-0.223	-0.018	0.0	-0.071	4.122	3.839	112.074	5.079	4.272	0.0	4.019	0.0	0.0	0.0	0.0	0.0	150.87733814715224	-0.138	2.725	1.413	-0.397	-0.713	0.25	0.812	0.02	-0.405	-0.381	-0.533	0.79	0.496	1.413	0.951	15.085	0.285	0.404	0.535	0.386	0.458	NA	-0.167	0.017	0.547	-0.539	55.911	0.0	0.0	0.0	0.0	0.0	0.0	1.053	0.284	0.0	0.0	4.951	7.206	0.0	0.115	4.546	0.325	0.0	0.273	0.202
26	C=C(C)C(=O)OCC1CCCO1	0.0	0.193	7.763	13.004	6.941	6.691	0.333	4.724	3.701	8.302	11.054	9.807	99.635	0.137	1.698	-0.726	-1.631	0.333	-1.947	-0.447	0.4	13.142	-1.631	-0.942	0.676	-0.611	-0.979	0.675	0.47	0.832	-0.216	-1.106	-0.4	0.783	1.093	0.0	0.0	0.0	10.088	0.341	0.029	0.181	5.189	-0.332	-0.127	-0.094	-0.344	-0.145	-0.171	0.217	0.187	0.25	12.929	1.194	2.363	1.907	1.0	7.398	7.299	0.0	0.0	0.001	0.003	21.173	10.061	0.0	0.0	0.0	1.301	0.953	0.82	0.181	0.919	3.122	1.563	1.446	2.674	0.254	0.067	0.02	0.355	0.609	0.04	-0.036	0.337	0.807	0.029	0.193	-0.343	-0.402	0.739	0.002	-0.171	-0.075	0.0	0.0	0.0	0.0	0.0	0.0	0.0	0.0	0.0	0.0	0.0	0.0	0.454	9.689	9.074	1.235	9.33	2.315	5.675	1.747	1.534	1.798	1.768	6.18	9.368	4.609	1.75	-0.572	0.821	-1.602	0.0	0.119	0.852	1.184	0.12	0.41	0.857	2.362	2.852	2.984	0.985	0.0	7.593	6.061	0.0	-0.445	-0.197	0.273	0.105	NA	0.463	0.676	-0.942	0.0	0.0	0.0	0.0	-0.447	-1.947	13.142	0.0	0.529	-0.075	0.451	412.84062136896296	0.0	0.47	0.019	-0.415	0.284	0.0	0.474	0.0	0.324	0.0	1437.83	0.0	0.0	0.002	-0.423	0.0	0.017	0.99	0.0	0.739	15.448	0.075	0.03	0.027	0.388	0.04	1.433	0.0	1.338	0.0	0.0	0.0	0.0	0.0	0.0	0.0	0.0	0.119	5.479	0.028	1.436	0.333	6.26	0.0	0.0	0.0	0.0	0.0	6.461	0.0	0.0	0.0	0.0	-0.046	0.016	0.041	0.012	0.0	0.705	0.725	0.639	1.13	2.373	2.762	1.457	0.13	-0.044	-0.038	0.061	0.12	-0.045	0.008	-0.678	-0.24	1.281	0.035	-3.37	-0.095	-5.322	2.561	0.0	-0.052	0.0	0.447	3.173	-0.062	11.409	18.944	30.469	0.252	0.0	27.916	5.139	0.544	0.0	0.318	0.862	-0.005	-0.166	-0.119	-0.43	-0.243	1.103	1.708	-3.196	-2.016	-4.948	2.324	33.383	0.0	0.0	1.698	0.0	0.0	0.0	0.0	0.0	0.0	0.0	0.0	7.417	0.633	1.897	0.399	0.981	0.965	1.412	1.825	-0.312	-0.081	0.678	3.604	0.174	7.725	4.015	1.373	0.0	0.117	0.015	0.0	110.602	0.0	0.0	0.0	0.0	0.0	0.0	0.0	0.146	-0.118	0.0	0.0	-0.238	-0.742	-0.111	0.409	0.47	0.562	-0.365	-0.213	0.0	0.0	19.836	4.449	3.514	9.14	11.676	-0.153	0.009	0.038	-0.07	0.128	0.0	0.05	-0.03	-0.26	-0.065	0.0	0.0	0.0	0.0	0.0	0.0	0.0	0.0	0.121	0.0	0.0	0.0	0.0	0.0	0.0	0.0	0.0	0.0	0.0	0.0	0.0	0.0	0.0	0.0	0.0	0.0	0.0	0.0	0.0	0.0	0.0	0.0	1.215	-0.402	0.211	0.991	0.0	0.0	0.0	0.0	0.0	0.0	0.0	0.0	1.59	-0.354	0.0	0.0	0.001	0.823	2.93	37.964	1.645	-1.468	-1.466	0.0	-1.815	0.117	412.84062136896296	0.0	-0.175	33.36	0.133	0.367	0.732	0.173	0.793	-0.085	0.333	0.778	0.785	0.735	-1.353	0.0	0.037	0.0	-0.062	-0.052	0.075	0.035	-0.045	0.061	-0.038	0.13	0.016	-0.046	0.337	-0.036	1.047	0.354	-0.468	0.154	-0.156	1.609	13.914	-0.343	0.0	-0.229	-0.802	-0.147	-0.132	0.509	0.565	-0.369	-0.238	0.0	0.08	10.593	9.103	225.75	11.772	10.955	0.0	8.673	0.0	0.0	0.0	0.0	0.0	217.1410827416928	-0.14	7.476	1.438	-0.415	-0.913	0.557	0.324	0.29	-0.176	-0.998	-0.421	0.667	1.15	1.527	1.099	40.109	0.139	0.571	0.616	0.54	0.369	NA	-0.171	0.019	0.576	-0.726	251.066	0.135	0.462	2.552	3.082	3.258	1.105	2.998	7.956	6.305	5.196	15.583	20.948	0.0	0.021	14.138	0.149	0.0	0.879	0.203
27	N#CC(F)(F)C(F)(F)C(F)(F)C#N	0.0	0.744	1.84	0.003	5.561	0.037	-0.917	0.124	7.584	3.604	7.367	2.222	30.503	0.365	3.674	-1.351	-1.652	-0.917	-3.767	0.194	-0.113	16.691	-1.652	-1.36	0.725	-0.031	0.519	-0.464	-0.257	0.465	0.036	-0.26	-0.139	0.164	0.311	0.0	0.0	0.0	5.279	0.172	-0.045	0.004	3.067	0.26	0.044	-0.071	-0.176	-0.017	-0.348	0.0	0.0	0.0	0.005	0.026	0.0	0.0	1.0	6.662	0.078	0.0	0.0	0.0	0.0	31.203	3.02	0.0	0.0	0.0	1.489	0.0	0.0	0.0	0.0	0.0	0.003	0.0	0.0	-0.062	0.0	0.0	0.357	1.43	0.169	0.25	0.405	0.516	-0.045	0.744	-0.555	-0.522	0.648	0.147	-0.348	-0.268	0.0	0.0	0.0	0.0	0.0	0.0	0.0	0.0	0.0	0.0	0.0	0.0	-0.093	2.157	2.044	1.532	2.009	1.156	3.481	1.21	3.104	0.078	0.004	3.911	2.194	0.001	0.491	0.155	0.477	-0.777	0.0	-0.522	0.521	1.082	0.0	0.0	0.511	0.0	0.0	0.0	0.0	0.0	0.0	0.0	0.0	0.216	0.063	0.04	-0.358	NA	0.216	0.725	-1.36	0.0	0.0	0.0	0.0	0.194	-3.767	16.691	0.0	0.426	-0.268	0.776	318.88748193448015	0.0	0.25	-0.119	-0.349	0.421	0.0	0.666	0.0	0.362	0.0	229.126	0.0	0.0	0.147	-0.163	0.0	0.174	0.776	0.0	0.648	6.249	0.427	0.094	0.105	0.148	0.15	1.455	0.0	3.684	0.0	0.0	0.0	0.0	0.0	0.0	0.0	0.0	0.386	3.86	0.09	0.006	0.149	4.133	0.0	0.0	0.0	0.0	0.0	12.751	0.0	0.0	0.0	0.0	0.216	0.01	0.0	0.0	0.0	0.0	0.0	0.0	0.0	0.0	0.0	0.004	-0.409	0.155	0.219	0.153	-0.11	-0.19	-0.108	-1.251	0.66	3.399	0.019	-1.537	0.116	-3.156	-0.044	0.0	-0.097	0.0	0.486	0.024	-0.552	4.599	14.069	9.203	0.147	0.0	9.95	0.0	0.423	0.0	0.377	0.476	-0.373	-0.02	-0.067	-0.887	0.472	2.417	-0.923	-1.21	-0.374	-1.549	-0.586	11.473	0.0	0.0	3.674	0.0	0.0	0.0	0.0	0.0	0.0	0.0	0.0	6.982	0.092	1.29	0.145	11.989	6.874	0.086	3.262	-0.116	-0.206	3.282	0.005	0.015	2.945	0.001	0.65	0.0	0.0	0.0	0.0	35.25	0.0	0.0	0.0	0.0	0.0	0.0	0.0	0.002	0.209	0.0	0.0	-0.529	-0.102	0.398	0.0	-0.178	0.138	0.209	-0.386	0.0	0.0	6.541	0.144	11.08	6.083	11.41	0.079	-0.025	-0.135	0.123	0.024	0.0	0.095	0.172	-0.113	-0.241	0.0	0.0	0.0	0.0	0.0	0.0	0.0	0.0	0.35	0.0	0.0	0.0	0.0	0.0	0.0	0.0	0.0	0.0	0.0	0.0	0.0	0.0	0.0	0.0	0.0	0.0	0.0	0.0	0.0	0.0	0.0	0.0	1.254	-0.522	-0.066	1.03	0.0	0.0	0.0	0.0	0.0	0.0	0.0	0.0	1.629	0.092	0.0	0.0	-0.783	0.485	2.142	13.914	-1.25	-0.836	-0.176	0.0	-0.806	0.383	318.88748193448015	0.0	-0.802	15.415	0.104	0.261	0.247	0.077	0.239	-0.568	0.354	0.359	0.342	0.275	-0.281	0.0	0.379	0.0	-0.552	-0.097	0.427	0.019	-0.19	0.153	0.219	-0.409	0.01	0.216	0.405	0.25	1.614	0.216	-0.42	-0.02	0.166	1.624	6.924	-0.555	0.0	-0.426	-0.102	0.29	0.087	-0.143	0.087	0.171	-0.286	0.0	-0.113	3.997	6.607	71.709	4.447	3.861	0.0	4.614	0.0	0.0	0.0	0.0	0.0	163.10611583295054	0.039	2.198	1.411	-0.047	0.7	-0.531	-0.463	0.178	0.118	-0.329	-0.232	0.226	0.39	1.293	0.965	12.798	0.354	0.531	0.609	0.549	0.633	NA	0.062	-0.119	0.631	-1.351	229.126	0.0	0.0	0.0	0.0	0.0	0.0	0.014	0.0	0.0	0.0	4.259	6.02	0.0	-0.024	4.636	0.803	0.0	0.606	0.418
28	CCOCOC(=O)c1ccccc1Nc1c(Cl)ccc(C)c1Cl	0.0	0.568	22.582	20.233	7.763	9.002	2.764	6.458	15.558	18.116	23.059	13.088	195.631	0.266	2.268	-0.676	-5.46	2.764	-4.606	-0.042	0.329	10.869	-5.46	-1.658	0.38	-0.455	-0.789	0.446	0.144	0.63	-0.13	-0.452	-1.601	0.242	1.925	0.0	0.0	0.0	10.652	1.149	-0.186	-0.518	5.913	0.082	0.205	-0.712	-0.052	0.029	0.045	7.09	1.683	4.553	23.216	16.791	13.199	11.351	1.0	8.22	9.959	0.0	0.0	0.422	0.153	56.534	14.672	0.0	0.0	0.0	3.74	3.885	8.305	1.64	6.373	8.865	13.024	6.365	12.335	0.145	0.238	2.036	0.329	0.943	0.121	-0.435	1.238	0.75	-0.186	0.568	-0.798	-0.811	0.927	0.26	0.045	-0.572	0.0	0.0	0.0	0.0	0.0	0.0	0.0	0.0	0.0	0.0	0.0	0.0	0.391	9.724	8.403	3.635	8.503	7.079	13.572	9.485	8.383	2.319	2.381	6.872	9.597	11.56	14.193	0.066	0.619	-4.009	0.0	-0.079	0.606	3.487	7.966	1.716	0.613	16.797	11.749	16.202	8.349	0.0	17.516	24.785	0.0	-0.125	0.105	-0.378	-0.375	NA	0.747	0.38	-1.658	0.0	0.0	0.0	0.0	-0.042	-4.606	10.869	0.0	0.377	-0.572	1.879	574.8733382862752	0.0	0.84	0.02	-0.941	1.667	0.0	1.872	0.0	1.793	0.0	4074.524	0.0	0.0	0.26	-0.117	0.0	0.155	0.883	0.0	0.927	17.704	-0.19	0.128	0.122	1.232	0.119	7.828	0.0	7.081	0.0	0.0	0.0	0.0	0.0	0.0	0.0	0.0	0.266	13.392	-0.441	1.948	-0.186	7.0	0.0	0.709	0.0	0.0	0.0	15.509	0.0	0.0	0.0	0.0	0.062	0.205	0.21	1.517	0.0	5.537	3.156	7.208	5.302	10.945	7.409	11.032	-0.067	-0.146	0.17	0.755	0.064	-0.235	-0.485	-0.826	-0.61	4.628	-0.452	-5.229	0.103	-4.749	0.05	0.0	-0.367	0.0	0.384	22.514	-0.368	15.512	95.568	124.817	-0.226	0.0	115.214	16.263	0.403	0.0	0.305	0.6	-0.554	0.003	-0.771	-0.542	-0.782	4.745	1.218	-4.894	-2.818	-4.024	-0.298	35.869	0.0	0.0	2.268	0.0	0.005	0.0	0.0	0.0	0.0	0.0	0.0	8.248	0.894	6.281	0.557	8.877	14.794	1.841	14.09	-0.701	-0.383	18.193	20.57	0.788	23.645	10.756	12.749	0.0	1.337	1.589	0.0	203.726	0.0	0.0	0.0	0.0	0.0	0.0	0.0	0.579	-0.036	0.0	0.0	-0.488	-1.354	-0.296	7.594	0.637	1.072	-0.127	-0.894	0.0	0.0	64.349	6.23	16.005	19.647	23.895	-0.029	0.282	-0.451	0.112	0.767	0.0	-0.432	-0.113	-0.584	-0.37	0.0	0.0	0.0	0.0	0.0	0.0	0.0	0.0	0.245	0.0	0.0	0.0	0.0	0.629	0.0	0.0	0.0	0.0	0.0	0.0	0.0	0.0	0.103	0.0	0.0	0.0	0.0	0.0	0.0	0.0	0.0	0.0	3.473	-0.811	0.074	1.075	0.0	0.0	0.0	0.0	0.0	0.0	0.063	0.0	4.036	0.361	0.0	0.0	-0.731	0.616	3.479	152.644	1.215	-3.914	-1.982	0.0	-2.483	0.265	574.8733382862752	0.0	-0.621	35.385	0.338	0.422	0.428	0.395	0.401	-0.325	0.428	0.409	0.42	0.423	-1.956	0.0	0.286	0.0	-0.368	-0.367	-0.19	-0.452	-0.235	0.755	0.17	-0.067	0.205	0.062	1.238	-0.435	2.998	0.096	-1.056	0.564	-0.062	4.199	16.988	-0.798	0.0	-0.455	-1.451	-0.337	-0.718	0.657	1.092	-0.118	-0.949	0.0	0.009	13.704	41.621	414.731	15.796	14.036	0.0	12.241	0.0	0.0	0.0	0.0	0.0	357.07307281383015	-0.747	7.35	1.368	-0.353	-0.73	0.333	0.033	-0.07	-0.13	-0.365	-1.577	0.176	1.906	1.403	1.167	159.152	0.26	0.443	0.578	0.432	0.332	NA	-0.034	0.02	0.563	-0.676	1156.926	8.37	1.374	16.806	12.248	16.437	8.289	21.963	16.266	23.639	16.032	53.755	66.903	0.0	0.274	50.604	1.893	0.0	0.73	0.325
